month,pre_cut_rank,release_id,title,artist,points,platform_count,platforms
May 2026,1,17391,Finale,Bien,1404,5,Apple Music #1 (287 pts) | Audiomack #5 (229 pts) | Spotify #1 (300 pts) | YouTube #1 (300 pts) | Shazam #4 (288 pts)
May 2026,2,17398,Chai ya saa kumi,Ywaya Tajiri,1288,5,Apple Music #2 (275 pts) | Boomplay #38 (175 pts) | Spotify #2 (295 pts) | YouTube #10 (274 pts) | Shazam #8 (269 pts)
May 2026,3,17406,AYAYAAH,ELEMENT EleéeH,1044,5,Apple Music #21 (193 pts) | Audiomack #3 (254 pts) | Spotify #51 (96 pts) | YouTube #23 (226 pts) | Shazam #7 (275 pts)
May 2026,4,17407,LAST DANCE,Wakadinali,995,4,Apple Music #34 (146 pts) | Spotify #6 (287 pts) | YouTube #6 (284 pts) | Shazam #6 (278 pts)
May 2026,5,17392,Siaka,Mejja,994,5,Audiomack #71 (71 pts) | Boomplay #7 (278 pts) | Spotify #3 (293 pts) | YouTube #3 (294 pts) | Shazam #85 (58 pts)
May 2026,6,17393,Mdomo uliponza kichwa,Soul Touch Brand,950,4,Audiomack #83 (66 pts) | Boomplay #3 (293 pts) | YouTube #2 (297 pts) | Shazam #2 (294 pts)
May 2026,7,17282,Pawa,Mbosso,945,4,Audiomack #8 (193 pts) | Boomplay #2 (297 pts) | Spotify #42 (169 pts) | YouTube #4 (286 pts)
May 2026,8,17357,Mfisadi,Toxic Lyrikali,898,5,Audiomack #67 (73 pts) | Boomplay #6 (284 pts) | Spotify #13 (262 pts) | YouTube #25 (219 pts) | Shazam #81 (60 pts)
May 2026,9,17386,Panic,Vybz Kartel,859,5,Audiomack #77 (68 pts) | Boomplay #25 (220 pts) | Spotify #24 (225 pts) | YouTube #42 (169 pts) | Shazam #29 (177 pts)
May 2026,10,17345,Rapudo,Prince Indah,794,3,Boomplay #1 (300 pts) | YouTube #5 (285 pts) | Shazam #24 (209 pts)
May 2026,11,17408,Hate,Toxic Lyrikali,780,5,Audiomack #15 (168 pts) | Boomplay #18 (242 pts) | Spotify #52 (92 pts) | YouTube #37 (178 pts) | Shazam #59 (100 pts)
May 2026,12,17409,Bhuju,Alikiba,734,4,Audiomack #1 (287 pts) | Boomplay #37 (179 pts) | YouTube #32 (188 pts) | Shazam #66 (80 pts)
May 2026,13,17394,Wewe,Harmonize,719,3,Audiomack #6 (223 pts) | Boomplay #11 (265 pts) | YouTube #21 (231 pts)
May 2026,14,17343,Raindance,Dave,714,3,Apple Music #10 (233 pts) | Spotify #18 (246 pts) | YouTube #19 (235 pts)
May 2026,15,17286,Wrong Places,Joshua Baraka,697,5,Apple Music #44 (118 pts) | Audiomack #160 (37 pts) | Spotify #9 (274 pts) | YouTube #14 (249 pts) | Shazam #129 (19 pts)
May 2026,16,17283,Taya,Okello Max,692,4,Apple Music #51 (98 pts) | Spotify #4 (290 pts) | YouTube #9 (274 pts) | Shazam #117 (30 pts)
May 2026,17,17402,Natafuta Doo,ELISHA TOTO,689,3,Boomplay #24 (224 pts) | YouTube #28 (205 pts) | Shazam #13 (260 pts)
May 2026,18,17384,MAYDAY RACHAEL,Gradine Toto,642,4,Audiomack #100 (59 pts) | Boomplay #44 (161 pts) | YouTube #54 (129 pts) | Shazam #3 (293 pts)
May 2026,19,17374,Baridi,D Voice,610,3,Audiomack #89 (64 pts) | Boomplay #5 (286 pts) | YouTube #12 (260 pts)
May 2026,20,17369,Up Burukanga,Collo Blue,585,4,Audiomack #188 (27 pts) | Spotify #11 (268 pts) | YouTube #7 (280 pts) | Shazam #145 (10 pts)
May 2026,21,17342,Digi Digi,Abongo Jakabwana,565,3,Boomplay #35 (187 pts) | YouTube #11 (268 pts) | Shazam #57 (110 pts)
May 2026,22,17281,Donjo Maber,Iyanii,555,3,Audiomack #166 (35 pts) | Spotify #8 (277 pts) | YouTube #17 (243 pts)
May 2026,23,17396,LET ME BE,The Second Voice,549,4,Apple Music #48 (99 pts) | Audiomack #186 (28 pts) | YouTube #41 (170 pts) | Shazam #14 (252 pts)
May 2026,24,17403,I Love You,Zuchu,547,3,Audiomack #42 (84 pts) | Boomplay #10 (265 pts) | YouTube #30 (198 pts)
May 2026,25,17400,Party Lit,JETTI,520,4,Audiomack #45 (82 pts) | Boomplay #63 (110 pts) | YouTube #79 (64 pts) | Shazam #11 (264 pts)
May 2026,26,17366,Leo,Harmonize,507,3,Audiomack #13 (174 pts) | Boomplay #34 (191 pts) | YouTube #48 (142 pts)
May 2026,27,17404,WORSHIP,Asake,503,3,Apple Music #4 (272 pts) | Audiomack #68 (72 pts) | Shazam #37 (159 pts)
May 2026,28,17410,Gratitude,Asake,501,3,Apple Music #6 (258 pts) | Audiomack #17 (159 pts) | Spotify #53 (84 pts)
May 2026,29,17373,Papaoutai (Afro Soul),mikeeysmind,491,2,YouTube #15 (247 pts) | Shazam #15 (244 pts)
May 2026,30,17350,Berna,Prince Indah,487,2,Boomplay #13 (259 pts) | YouTube #22 (228 pts)
May 2026,31,17411,Mombasa,Marioo,478,3,Audiomack #2 (281 pts) | YouTube #49 (140 pts) | Shazam #87 (57 pts)
May 2026,32,17285,Backbencher,Toxic Lyrikali,477,3,Audiomack #16 (166 pts) | Spotify #36 (187 pts) | YouTube #56 (124 pts)
May 2026,33,17412,Back Outside,BNXN,474,3,Apple Music #7 (258 pts) | Audiomack #238 (9 pts) | Shazam #25 (207 pts)
May 2026,34,17413,Hallelujah,KunaTino Music,469,3,Boomplay #87 (56 pts) | YouTube #33 (185 pts) | Shazam #19 (228 pts)
May 2026,35,17414,Forgiveness,Asake,468,3,Apple Music #3 (273 pts) | Audiomack #14 (168 pts) | Shazam #121 (27 pts)
May 2026,36,17349,Mirima,Prince Indah,462,2,Boomplay #12 (265 pts) | YouTube #31 (197 pts)
May 2026,37,17315,Inama,Zuchu,450,3,Audiomack #57 (78 pts) | Boomplay #71 (95 pts) | YouTube #8 (277 pts)
May 2026,38,17397,Happy,Diamond Platnumz,439,2,Audiomack #9 (193 pts) | YouTube #16 (246 pts)
May 2026,39,17341,Who’s Dat Girl,Ayra Starr,439,3,Apple Music #115 (48 pts) | Spotify #28 (211 pts) | YouTube #36 (180 pts)
May 2026,40,17360,TOTO,Calad,429,2,Boomplay #31 (195 pts) | YouTube #20 (234 pts)
May 2026,41,17415,Wema,nk_njoroge,423,2,Boomplay #54 (144 pts) | Shazam #5 (279 pts)
May 2026,42,17395,Moyo,Kusslove,404,3,Audiomack #92 (63 pts) | Boomplay #59 (128 pts) | Shazam #22 (213 pts)
May 2026,43,17416,Feel The Love,Kahuti,378,2,Spotify #16 (252 pts) | YouTube #55 (126 pts)
May 2026,44,17417,SHE DID IT AGAIN,Tyla,374,3,Apple Music #50 (98 pts) | Spotify #12 (265 pts) | YouTube #125 (11 pts)
May 2026,45,17387,Dumpsite,Toxic Lyrikali,370,2,Boomplay #28 (214 pts) | Spotify #45 (156 pts)
May 2026,46,17378,Lowkey,Toxic Lyrikali,363,3,Audiomack #50 (81 pts) | Boomplay #33 (192 pts) | YouTube #66 (90 pts)
May 2026,47,17418,Fala,Diameter Pallet,359,3,Audiomack #194 (25 pts) | Boomplay #39 (172 pts) | Shazam #35 (162 pts)
May 2026,48,17375,Darasa La Saba,Mbosso,357,3,Audiomack #80 (67 pts) | Boomplay #21 (232 pts) | YouTube #84 (58 pts)
May 2026,49,17419,Fast Fast,031choppa,352,2,Apple Music #24 (187 pts) | Shazam #34 (165 pts)
May 2026,50,17389,Bad Everyday,Toxic Lyrikali,348,2,Audiomack #10 (181 pts) | Boomplay #41 (167 pts)
May 2026,51,17295,Arike,Kunmie,344,2,Audiomack #32 (95 pts) | Spotify #17 (249 pts)
May 2026,52,18328,ZEP,DJ Smallz,339,2,Apple Music #43 (123 pts) | Spotify #27 (216 pts)
May 2026,53,17380,Natulizana,Diamond Platnumz,336,2,Audiomack #12 (179 pts) | YouTube #46 (157 pts)
May 2026,54,17337,Je ?,Devrix Da Fubu,335,3,Boomplay #80 (63 pts) | YouTube #24 (220 pts) | Shazam #91 (52 pts)
May 2026,55,17399,Joy,Diamond Platnumz,335,2,Audiomack #24 (121 pts) | YouTube #26 (214 pts)
May 2026,56,17302,Jirani,Jay Melody,325,2,Boomplay #16 (248 pts) | YouTube #73 (77 pts)
May 2026,57,18442,Wewe ni wangu,2wentysixx,320,2,Spotify #20 (239 pts) | YouTube #70 (81 pts)
May 2026,58,17365,What You Saying,Lil Uzi Vert,320,3,Audiomack #41 (86 pts) | Spotify #32 (199 pts) | YouTube #97 (35 pts)
May 2026,59,19042,ALL I HAVE,Victor Ivyic,314,2,YouTube #64 (92 pts) | Shazam #20 (222 pts)
May 2026,60,18960,Mimi Na Wewe,Bridget Blue,308,2,Audiomack #207 (20 pts) | Spotify #5 (288 pts)
May 2026,61,17388,GENJE SANA,BURUKLYN BOYZ,304,3,Audiomack #155 (39 pts) | Spotify #21 (236 pts) | YouTube #104 (29 pts)
May 2026,62,19131,Yazoee,Harmonize,304,3,Audiomack #7 (194 pts) | Boomplay #82 (63 pts) | Shazam #99 (47 pts)
May 2026,63,19297,Well Done,Deejay MJ,299,1,Shazam #1 (299 pts)
May 2026,64,19238,Go Down,PAPA NYOSTO,293,3,Audiomack #213 (18 pts) | YouTube #122 (13 pts) | Shazam #12 (262 pts)
May 2026,65,17348,Ngima Dhano,Prince Indah,289,1,Boomplay #4 (289 pts)
May 2026,66,18155,Pedeshe (Ajawa Marwa),Prince Indah,287,2,Boomplay #17 (248 pts) | YouTube #93 (39 pts)
May 2026,67,18040,M.O.T.O,X.O,281,1,Spotify #7 (281 pts)
May 2026,68,17292,Salama,Barnaba,281,3,Audiomack #246 (6 pts) | Boomplay #94 (32 pts) | YouTube #18 (243 pts)
May 2026,69,17379,Jogodo,Wizkid,280,3,Apple Music #12 (227 pts) | Audiomack #130 (48 pts) | Shazam #152 (5 pts)
May 2026,70,17346,Bonge La Surprise,Wapendwa Muziki,278,1,Boomplay #8 (278 pts)
May 2026,71,18740,Lengoma,MSA,276,3,Apple Music #45 (113 pts) | Audiomack #225 (14 pts) | Shazam #41 (149 pts)
May 2026,72,17372,Nyi Luo,Prince Indah,274,1,Boomplay #9 (274 pts)
May 2026,73,19136,Dance Samawaah!,Collo Blue,273,2,Audiomack #28 (98 pts) | Shazam #31 (175 pts)
May 2026,74,17354,Beta,Mutoriah,271,1,Spotify #10 (271 pts)
May 2026,75,18820,Talk To Me Nuh,Shenseea,270,2,YouTube #52 (132 pts) | Shazam #44 (138 pts)
May 2026,76,19023,My Everything,Coconut Rootz,268,1,Shazam #9 (268 pts)
May 2026,77,19298,MZEE WA HOVYO,Free Da Truth,267,1,Shazam #10 (267 pts)
May 2026,78,17383,White Keys,Dominic Fike,262,3,Apple Music #121 (43 pts) | Spotify #35 (190 pts) | Shazam #118 (29 pts)
May 2026,79,17425,WHY LOVE,Asake,262,1,Apple Music #5 (262 pts)
May 2026,80,17344,Baddies Need Love,Maandy,259,1,Spotify #14 (259 pts)
May 2026,81,17765,GACUMBIRI / PALE KILELE(Live),Dr Sarah K,257,1,YouTube #13 (257 pts)
May 2026,82,17288,Bud Flowers,Toxic Lyrikali,256,1,Boomplay #14 (256 pts)
May 2026,83,17520,Dnd,We are Nubia,255,1,Spotify #15 (255 pts)
May 2026,84,18914,Gone Kanje,Scotts Maphuma,255,2,Apple Music #80 (78 pts) | Shazam #30 (177 pts)
May 2026,85,17376,Trust No 1,Brandy Maina,253,2,Audiomack #178 (31 pts) | Spotify #25 (222 pts)
May 2026,86,18154,Believe Me,Prince Indah,252,1,Boomplay #15 (252 pts)
May 2026,87,17478,Headlines,Drake,248,1,Apple Music #8 (248 pts)
May 2026,88,17300,Furaha,Harmonize,247,2,Audiomack #181 (30 pts) | Boomplay #27 (217 pts)
May 2026,89,18802,Lavender,Watendawili,242,1,Spotify #19 (242 pts)
May 2026,90,17431,Come Closer,Wizkid,240,1,Apple Music #9 (240 pts)
May 2026,91,19299,EBENEZER,The Wamagatas,240,1,Shazam #16 (240 pts)
May 2026,92,18976,iwo ni,Toprock Gospel,240,1,Boomplay #19 (240 pts)
May 2026,93,17465,Aki Sioni,Njerae,239,2,Apple Music #111 (55 pts) | Spotify #37 (184 pts)
May 2026,94,17284,Nairobi,Marioo,239,2,Apple Music #131 (34 pts) | Spotify #30 (205 pts)
May 2026,95,18991,Joy is Coming,Victor Ivyic,237,2,YouTube #43 (167 pts) | Shazam #73 (70 pts)
May 2026,96,17336,Tholukuthi (Clap Song),JAZZWRLD,236,2,Apple Music #28 (176 pts) | Shazam #82 (60 pts)
May 2026,97,18939,Uhakika,Ibraah,236,1,Audiomack #4 (236 pts)
May 2026,98,17297,Chinje,Toxic Lyrikali,235,1,Boomplay #20 (235 pts)
May 2026,99,19022,LA PLI SI TOL (Shatta Remix),Mikado,234,1,Shazam #17 (234 pts)
May 2026,100,17421,Abantwana Bakho,DJ Maphorisa,233,1,Apple Music #11 (233 pts)
May 2026,101,18606,Two Six,J. Cole,233,1,Spotify #22 (233 pts)
May 2026,102,19021,La pli si tol,Chiktay,232,1,Shazam #18 (232 pts)
May 2026,103,17333,uValo,JAZZWRLD,232,3,Apple Music #19 (204 pts) | Audiomack #220 (16 pts) | Shazam #139 (12 pts)
May 2026,104,18938,Kama Sio,Kusah,231,2,Audiomack #20 (151 pts) | YouTube #71 (80 pts)
May 2026,105,18357,Osiepe,Prince Indah,231,1,Boomplay #22 (231 pts)
May 2026,106,18337,Nakupenda,TxC,230,2,Apple Music #17 (211 pts) | Shazam #130 (19 pts)
May 2026,107,17358,Shake That Thing,MAD G,228,1,Spotify #23 (228 pts)
May 2026,108,18158,Ngimana,Prince Indah,227,1,Boomplay #23 (227 pts)
May 2026,109,18920,Human Nature,Michael Jackson,226,1,Apple Music #13 (226 pts)
May 2026,110,17385,Bado Nakupenda,Zuchu,224,2,Audiomack #103 (58 pts) | Boomplay #42 (166 pts)
May 2026,111,19139,Hardest Truth,Jubet,224,2,Audiomack #31 (96 pts) | Shazam #50 (128 pts)
May 2026,112,19300,I'm in Control,AlunaGeorge,222,1,Shazam #21 (222 pts)
May 2026,113,19071,Wa,Asake,221,1,Apple Music #14 (221 pts)
May 2026,114,18074,Only Gets Better (Forever),Vybz Kartel,220,2,Boomplay #26 (217 pts) | YouTube #136 (3 pts)
May 2026,115,17573,SINA NOMA,Charisma,219,1,Spotify #26 (219 pts)
May 2026,116,17382,Stima,BURUKLYN BOYZ,215,2,Audiomack #210 (19 pts) | Spotify #33 (196 pts)
May 2026,117,17430,Controlla,Drake,214,1,Apple Music #15 (214 pts)
May 2026,118,17427,Dem Dey,Burna Boy,212,1,Apple Music #16 (212 pts)
May 2026,119,17997,HATUA ZANGU,VICTOR MUTHENYA,212,1,YouTube #27 (212 pts)
May 2026,120,17309,Hood,Toxic Lyrikali,211,1,Boomplay #29 (211 pts)
May 2026,121,19024,You & Me,Solpulse,210,1,Shazam #23 (210 pts)
May 2026,122,17579,Hadi Kesho,Watendawili,208,1,Spotify #29 (208 pts)
May 2026,123,17892,Shela,Sam Deep,207,1,Apple Music #18 (207 pts)
May 2026,124,17390,Nasinzia II,Nameless,205,3,Audiomack #97 (61 pts) | YouTube #50 (137 pts) | Shazam #148 (7 pts)
May 2026,125,17640,Amefanya Mungu,Wapendwa Muziki,204,1,Boomplay #30 (204 pts)
May 2026,126,18174,Rumours -Dufla,Unknown Artist,202,1,Spotify #31 (202 pts)
May 2026,127,17338,Golden,HUNTR/X,201,1,YouTube #29 (201 pts)
May 2026,128,17318,Nusu Saa,Mbosso,201,2,Audiomack #146 (42 pts) | Boomplay #45 (159 pts)
May 2026,129,17312,Bengicela,MaWhoo,198,2,Apple Music #31 (160 pts) | Shazam #108 (38 pts)
May 2026,130,19055,First Lady,Mr Nice,198,1,Shazam #26 (198 pts)
May 2026,131,18921,Billie Jean,Michael Jackson,195,1,Apple Music #20 (195 pts)
May 2026,132,19266,Dey For You,T Peller,193,1,Boomplay #32 (193 pts)
May 2026,133,18604,Secondhand,Don Toliver,193,1,Spotify #34 (193 pts)
May 2026,134,17335,Uzizwa Kanjan,JAZZWRLD,193,1,Apple Music #22 (193 pts)
May 2026,135,17450,Joro,Wizkid,192,1,Apple Music #23 (192 pts)
May 2026,136,19301,Dance for Me [Acoustic],Kusslove,191,1,Shazam #27 (191 pts)
May 2026,137,17289,My Darling,Chella,189,2,Audiomack #163 (36 pts) | Spotify #47 (153 pts)
May 2026,138,17401,Dance for me,Kusslove,186,2,Audiomack #49 (81 pts) | YouTube #60 (105 pts)
May 2026,139,19302,Nakupenda Ulivyo,JustBasweti,185,1,Shazam #28 (185 pts)
May 2026,140,19272,NI NGAI UMAGIRAGIA,Sammy Irungu,185,1,YouTube #34 (185 pts)
May 2026,141,17656,Best Friend,Vybz Kartel,184,1,Boomplay #36 (184 pts)
May 2026,142,19084,Make Them Cry,Drake,184,1,Apple Music #61 (184 pts)
May 2026,143,19072,Rora,Asake,184,1,Apple Music #25 (184 pts)
May 2026,144,17440,BADMAN GANGSTA,Asake,182,1,Apple Music #26 (182 pts)
May 2026,145,17334,Fresh,Nyashinski,181,1,Spotify #38 (181 pts)
May 2026,146,18945,Raha,Kondela,180,1,Audiomack #11 (180 pts)
May 2026,147,18814,Wakiuliza,Collo Blue,180,1,YouTube #35 (180 pts)
May 2026,148,17287,Ngishutheni,Goon Flavour,179,2,YouTube #69 (81 pts) | Shazam #61 (98 pts)
May 2026,149,17291,All My Enemies Are Suffering,Bien,178,1,Spotify #39 (178 pts)
May 2026,150,17436,Money Trees,Kendrick Lamar,178,1,Apple Music #27 (178 pts)
May 2026,151,19078,Ran To Atlanta,Drake,177,2,Apple Music #49 (99 pts) | Shazam #68 (78 pts)
May 2026,152,18987,Tuheshimiane Usinidharau,Soul Touch Brand,176,1,YouTube #38 (176 pts)
May 2026,153,17521,Laho,Shallipopi,175,1,Spotify #40 (175 pts)
May 2026,154,17304,With You,Davido,175,3,Apple Music #81 (78 pts) | Audiomack #85 (66 pts) | Shazam #115 (31 pts)
May 2026,155,17371,Frrmbanya,Unspoken Salaton,174,1,YouTube #39 (174 pts)
May 2026,156,19077,Janice STFU,Drake,174,2,Apple Music #47 (100 pts) | Shazam #70 (74 pts)
May 2026,157,17707,Mangware,Matata,172,1,Spotify #41 (172 pts)
May 2026,158,19304,Black Tax,JustBasweti,171,1,Shazam #33 (171 pts)
May 2026,159,19303,Dream Chaser,ragerx,171,1,Shazam #32 (171 pts)
May 2026,160,17377,Mali Safi,Iyanii,171,1,YouTube #40 (171 pts)
May 2026,161,18936,SUGAR,Marioo,170,2,Audiomack #21 (147 pts) | YouTube #108 (23 pts)
May 2026,162,19267,All I Need Is You,Toprock Gospel,168,1,Boomplay #40 (168 pts)
May 2026,163,19081,Plot Twist,Drake,167,2,Apple Music #55 (96 pts) | Shazam #72 (71 pts)
May 2026,164,19073,MCBH,Asake,166,1,Apple Music #29 (166 pts)
May 2026,165,19290,My tamu tamu,Stella Mengele,164,2,YouTube #130 (7 pts) | Shazam #38 (157 pts)
May 2026,166,18159,Mama Love,Prince Indah,163,1,Boomplay #43 (163 pts)
May 2026,167,17719,Disko,KODONGKLAN,162,1,Spotify #43 (162 pts)
May 2026,168,19079,Shabang,Drake,161,2,Apple Music #52 (98 pts) | Shazam #78 (63 pts)
May 2026,169,19070,YoYo,Virusi Mbaya,161,1,YouTube #44 (161 pts)
May 2026,170,19074,Amen,Asake,160,1,Apple Music #30 (160 pts)
May 2026,171,18992,Mimi Ni Nani,Rachats Classic,160,1,YouTube #45 (160 pts)
May 2026,172,18868,AJAWA GIR JUOGI,Papa T,159,2,Boomplay #101 (16 pts) | Shazam #42 (143 pts)
May 2026,173,19148,AYE,Zuchu,159,2,Audiomack #44 (83 pts) | Boomplay #76 (76 pts)
May 2026,174,19305,Baba God,Official Baba Paul,159,1,Shazam #36 (159 pts)
May 2026,175,17628,Kautamu Flani,Bensoul,159,1,Spotify #44 (159 pts)
May 2026,176,18363,Mummy Chulo,Prince Indah,159,1,Boomplay #46 (159 pts)
May 2026,177,19080,Whisper My Name,Drake,159,2,Apple Music #54 (97 pts) | Shazam #79 (62 pts)
May 2026,178,19075,Oba,Asake,158,1,Apple Music #32 (158 pts)
May 2026,179,19132,Kakua,Angélique Kidjo,157,1,Audiomack #18 (157 pts)
May 2026,180,18840,Kupendwa milele (Loved Forever),Toprock Gospel,157,1,Boomplay #47 (157 pts)
May 2026,181,17614,Safari,Bien,156,1,Spotify #46 (156 pts)
May 2026,182,18156,Jo Fitina,Prince Indah,155,1,Boomplay #48 (155 pts)
May 2026,183,19273,Nikurejeshee (Live),Neema Gospel Choir,155,1,YouTube #47 (155 pts)
May 2026,184,19306,Mind Your Business,Dela Cuffy,154,1,Shazam #39 (154 pts)
May 2026,185,17311,Le Le Le,Aidonia,153,1,Shazam #40 (153 pts)
May 2026,186,17547,Top Notch,Alikiba,153,1,Audiomack #19 (153 pts)
May 2026,187,17500,Work,Rihanna,153,1,Apple Music #33 (153 pts)
May 2026,188,18157,Nyasuba,Prince Indah,152,1,Boomplay #49 (152 pts)
May 2026,189,18979,Mimi Ni Nani,Mbosso,150,1,Boomplay #50 (150 pts)
May 2026,190,19083,National Treasures,Drake,149,2,Apple Music #59 (94 pts) | Shazam #90 (55 pts)
May 2026,191,19085,Burning Bridges,Drake,148,2,Apple Music #62 (92 pts) | Shazam #88 (56 pts)
May 2026,192,18358,Toxic Lyrikali mix,DJ WIZZY 254,148,1,Boomplay #51 (148 pts)
May 2026,193,17299,Kum Baba,Wakadinali,146,1,Boomplay #52 (146 pts)
May 2026,194,17973,Bongo Classics Mix (Throwback Bongo Old School Mix),DJ WIZZY 254,145,1,Boomplay #53 (145 pts)
May 2026,195,19082,B’s On The Table,Drake,145,2,Apple Music #56 (95 pts) | Shazam #94 (50 pts)
May 2026,196,18841,Usimpe roho,Pam,144,1,Spotify #48 (144 pts)
May 2026,197,17766,Mtu Wa Shughuli,Dyana Cods,143,2,YouTube #120 (13 pts) | Shazam #47 (130 pts)
May 2026,198,19307,Hebu Nieleze,CJS,142,1,Shazam #43 (142 pts)
May 2026,199,18810,Jaa Jaa,Toxic Lyrikali,142,2,Audiomack #239 (9 pts) | Boomplay #56 (133 pts)
May 2026,200,19133,Juju,Barnaba,142,1,Audiomack #22 (142 pts)
May 2026,201,17492,Wild Thoughts,DJ Khaled,142,1,Apple Music #35 (142 pts)
May 2026,202,17447,WAIT FOR U,Future,139,1,Apple Music #36 (139 pts)
May 2026,203,17438,HIGHEST IN THE ROOM,Travis Scott,138,1,Apple Music #37 (138 pts)
May 2026,204,17470,Ginger,Wizkid,137,1,Apple Music #38 (137 pts)
May 2026,205,18922,Lwetse,Xduppy,136,2,Apple Music #127 (39 pts) | Shazam #62 (97 pts)
May 2026,206,18842,Conjugal Visit,Spice,135,1,YouTube #51 (135 pts)
May 2026,207,19076,Asambe,Asake,134,1,Apple Music #39 (134 pts)
May 2026,208,17645,NINA SIRI,Israel Mbonyi,134,1,Boomplay #55 (134 pts)
May 2026,209,17442,On the Low,Burna Boy,134,1,Apple Music #40 (134 pts)
May 2026,210,17657,Confirmation,Toxic Lyrikali,133,1,Boomplay #57 (133 pts)
May 2026,211,18408,Franco de mi amor,Madilu System,133,1,Shazam #45 (133 pts)
May 2026,212,18947,Searching for Love,Vanillah,133,1,Audiomack #23 (133 pts)
May 2026,213,18722,Bruk It Dung 2,Rudra Kartel,132,1,YouTube #53 (132 pts)
May 2026,214,17448,Freestyle,Lil Baby,132,1,Apple Music #41 (132 pts)
May 2026,215,17323,Tunapendana,D Voice,132,1,Boomplay #58 (132 pts)
May 2026,216,19308,Woii,Valiant,132,1,Shazam #46 (132 pts)
May 2026,217,18473,Marvins Room,Drake,129,1,Apple Music #42 (129 pts)
May 2026,218,19027,she goes by. (KayArchon Remix),KayArchonn,129,1,Shazam #48 (129 pts)
May 2026,219,19020,Riches,Shane O,128,1,Shazam #49 (128 pts)
May 2026,220,19028,Niseme Nini Bwana,Greenworld music,127,1,Shazam #51 (127 pts)
May 2026,221,18555,Mon Bébé,Criss MJ,124,1,Shazam #52 (124 pts)
May 2026,222,17381,What I Like,Rvssian,123,2,YouTube #129 (7 pts) | Shazam #56 (116 pts)
May 2026,223,17641,Siko Single,Mbosso,122,1,Boomplay #60 (122 pts)
May 2026,224,19309,bye,Ariana Grande,121,1,Shazam #53 (121 pts)
May 2026,225,18430,Bwana Umenichunguza,Christina Shusho,120,2,YouTube #109 (21 pts) | Shazam #60 (99 pts)
May 2026,226,18932,Colorado,Johnny Drille,120,2,Apple Music #107 (57 pts) | Shazam #77 (63 pts)
May 2026,227,18873,Love Yuh Bad,Popcaan,120,1,Shazam #54 (120 pts)
May 2026,228,19134,Nikupe,Kassam,120,1,Audiomack #25 (120 pts)
May 2026,229,17652,Sisi Ni Wale,Phina,120,1,Boomplay #61 (120 pts)
May 2026,230,17665,Worship Mix,DJ Lyta,118,1,Boomplay #62 (118 pts)
May 2026,231,17479,Bandana,Fireboy DML,117,2,Apple Music #98 (63 pts) | Audiomack #115 (54 pts)
May 2026,232,18941,Nichum,Yammi,117,1,Audiomack #26 (117 pts)
May 2026,233,19310,Slip & Slide,Masicka,117,1,Shazam #55 (117 pts)
May 2026,234,17405,Watch Me Now! (with NLE Choppa),Ndotz,113,2,Audiomack #95 (62 pts) | Shazam #92 (51 pts)
May 2026,235,19106,Fallin',Chris Brown,112,2,Apple Music #93 (69 pts) | YouTube #90 (43 pts)
May 2026,236,17708,Tamashani,Wakadinali,112,1,Spotify #49 (112 pts)
May 2026,237,19155,Mtu Wangu,Aslay,110,2,Audiomack #58 (78 pts) | YouTube #101 (32 pts)
May 2026,238,17721,Set It,Dyana Cods,110,1,Spotify #50 (110 pts)
May 2026,239,18988,TUTIUI NO NITUI,Kamande Wa Kioi,109,1,YouTube #57 (109 pts)
May 2026,240,17648,Turudiane,Jay Melody,108,1,Boomplay #64 (108 pts)
May 2026,241,19093,Make Them Know,Drake,107,2,Apple Music #72 (84 pts) | Shazam #126 (23 pts)
May 2026,242,17650,Sick,Toxic Lyrikali,107,1,Boomplay #65 (107 pts)
May 2026,243,17618,Bila Bila,Joel Lwaga,105,1,YouTube #58 (105 pts)
May 2026,244,18704,Colorado,Zugo,105,1,YouTube #59 (105 pts)
May 2026,245,18160,I Love You,Prince Indah,105,1,Boomplay #66 (105 pts)
May 2026,246,19012,Majina Mazuri Yote Ni Yako (Live),Dedo Dieumerci,105,1,YouTube #61 (105 pts)
May 2026,247,19274,Mungu Ni Mungu Tu,Christopher Mwahangila,104,1,YouTube #62 (104 pts)
May 2026,248,17574,Step Sana,Toxic Lyrikali,103,1,Boomplay #67 (103 pts)
May 2026,249,18928,Dirty Diana,Michael Jackson,102,1,Apple Music #46 (102 pts)
May 2026,250,19058,Kuja Karibu (Mapema),Born Spectacle,101,1,Shazam #58 (101 pts)
May 2026,251,18372,Duk Jawiro,Prince Indah,99,1,Boomplay #68 (99 pts)
May 2026,252,19135,Ndi Ready,Kevin Kade,99,1,Audiomack #27 (99 pts)
May 2026,253,17294,Isaka (6am),Ciza,98,2,Apple Music #67 (88 pts) | Shazam #144 (10 pts)
May 2026,254,17770,Stunta,Gyptian,98,1,YouTube #63 (98 pts)
May 2026,255,17367,Usiniache,Licky Tones,98,2,Audiomack #135 (46 pts) | YouTube #86 (52 pts)
May 2026,256,17451,God's Plan,Drake,97,1,Apple Music #53 (97 pts)
May 2026,257,19137,My Baby,Xouh,97,1,Audiomack #29 (97 pts)
May 2026,258,18497,Wewe Hapo,Ivanny,97,1,Boomplay #69 (97 pts)
May 2026,259,19138,Mummy Wange,Sheebah,96,1,Audiomack #30 (96 pts)
May 2026,260,17739,Za Kimotho,Wakadinali,96,1,Boomplay #70 (96 pts)
May 2026,261,19140,Niko Bie,16Barz,95,1,Audiomack #33 (95 pts)
May 2026,262,18929,Don't Stop 'Til You Get Enough,Michael Jackson,94,1,Apple Music #58 (94 pts)
May 2026,263,17445,Nonstop,Drake,94,1,Apple Music #57 (94 pts)
May 2026,264,19141,Stamina,Party Wright,94,1,Audiomack #34 (94 pts)
May 2026,265,19095,Fortworth,Drake,93,2,Apple Music #75 (81 pts) | Shazam #140 (12 pts)
May 2026,266,17529,I'M DAT NIGGA,Future,93,1,Apple Music #60 (93 pts)
May 2026,267,19142,TEZINUMA,Anko Ronie,93,1,Audiomack #35 (93 pts)
May 2026,268,19143,Aeiou,Dax Vibez,92,1,Audiomack #36 (92 pts)
May 2026,269,19144,Celebrate,Frida Amani,92,1,Audiomack #37 (92 pts)
May 2026,270,19145,Malu,Alijoma,91,1,Audiomack #38 (91 pts)
May 2026,271,18375,Weru Uyu,Sammy Irungu,91,1,YouTube #65 (91 pts)
May 2026,272,19087,Dust,Drake,90,1,Apple Music #64 (90 pts)
May 2026,273,19146,Try Me,Dolv Gvng,90,1,Audiomack #39 (90 pts)
May 2026,274,17551,Wa Pekee Yangu,Jay Melody,90,1,Boomplay #72 (90 pts)
May 2026,275,17467,What Did I Miss?,Drake,89,1,Apple Music #65 (89 pts)
May 2026,276,19088,Beat It,Michael Jackson,88,1,Apple Music #66 (88 pts)
May 2026,277,19089,2 Hard 4 The Radio,Drake,87,1,Apple Music #68 (87 pts)
May 2026,278,18953,Nitolee,Peterbril,87,1,Audiomack #40 (87 pts)
May 2026,279,19019,Tell me what to do (Special Version),Vailedmoon music,87,1,Shazam #63 (87 pts)
May 2026,280,19275,Zuchu,Zuchu,87,1,YouTube #67 (87 pts)
May 2026,281,19090,Make Them Remember,Drake,86,1,Apple Music #69 (86 pts)
May 2026,282,19311,Kimpa Kisanga Meni,Franco,85,1,Shazam #64 (85 pts)
May 2026,283,19091,Leave Me Alone,Chris Brown,85,1,Apple Music #70 (85 pts)
May 2026,284,19092,Little Birdie,Drake,85,1,Apple Music #71 (85 pts)
May 2026,285,19147,Pole Pole,Hildah Watiri,83,1,Audiomack #43 (83 pts)
May 2026,286,18038,Ukimuona,Diamond Platnumz,83,1,YouTube #68 (83 pts)
May 2026,287,19094,Don’t Worry,Drake,82,1,Apple Music #73 (82 pts)
May 2026,288,19150,Imbobo,R.M.H,82,1,Audiomack #47 (82 pts)
May 2026,289,19039,My Boo (Remix),Harmonize,82,1,Shazam #65 (82 pts)
May 2026,290,19149,Sumu,Bam Boy,82,1,Audiomack #46 (82 pts)
May 2026,291,18961,Wakembeshe,Khaligraph Jones,82,1,Audiomack #48 (82 pts)
May 2026,292,17364,Glitter Freestyle,Toxic Lyrikali,81,1,Boomplay #73 (81 pts)
May 2026,293,18955,NaEnjoy,Bensoul,81,1,Audiomack #51 (81 pts)
May 2026,294,18933,Obvious,Chris Brown,81,1,Apple Music #74 (81 pts)
May 2026,295,17432,SOMEBODY LOVES ME,PARTYNEXTDOOR,81,1,Apple Music #76 (81 pts)
May 2026,296,19096,Firm Friends,Drake,80,1,Apple Music #77 (80 pts)
May 2026,297,18880,HEBU NIELEZE KWA SAUTI YA UPOLE SONG,Gift Melody,80,1,Boomplay #74 (80 pts)
May 2026,298,18095,MONEY CONSTANT,DJ Maphorisa,80,1,Apple Music #78 (80 pts)
May 2026,299,19151,Ntibikunda (I Surrender),Alyn Sano,80,1,Audiomack #52 (80 pts)
May 2026,300,19152,Venus,Faceless,80,1,Audiomack #53 (80 pts)
May 2026,301,19154,Crazy Love,Wendy Shay,79,1,Audiomack #55 (79 pts)
May 2026,302,19271,Majo,Jux,79,1,Spotify #54 (79 pts)
May 2026,303,19312,Nkulunkulu,Cardinal X25,79,1,Shazam #67 (79 pts)
May 2026,304,18498,Wewe ni Sababu ya Maisha yangu,WorshipWithCorry,79,1,Boomplay #75 (79 pts)
May 2026,305,19153,Will You Marry Me,Daddy Andre,79,1,Audiomack #54 (79 pts)
May 2026,306,19097,WNBA,Drake,79,1,Apple Music #79 (79 pts)
May 2026,307,18949,Gagaziko,Jay Melody,78,1,Audiomack #56 (78 pts)
May 2026,308,19276,Kumila,ALEX KASAU KATOMBI,78,1,YouTube #72 (78 pts)
May 2026,309,17948,Sanity,Bella Shmurda,78,1,Audiomack #59 (78 pts)
May 2026,310,19098,Amazing Shape,Drake,77,1,Apple Music #82 (77 pts)
May 2026,311,19036,make you uderstand,turkiq,77,1,Shazam #69 (77 pts)
May 2026,312,17593,My Lady,Nahj,77,1,Audiomack #60 (77 pts)
May 2026,313,19277,One Time,Virusi Mbaya,77,1,YouTube #74 (77 pts)
May 2026,314,18295,Ya Jean,Madilu System,77,2,YouTube #102 (30 pts) | Shazam #98 (47 pts)
May 2026,315,19156,See What We've Done,King Promise,76,1,Audiomack #61 (76 pts)
May 2026,316,19099,Slap The City,Drake,76,1,Apple Music #83 (76 pts)
May 2026,317,19157,Feeling,Fola,75,1,Audiomack #63 (75 pts)
May 2026,318,18944,Ghetto Dala,V-BE,75,2,Audiomack #161 (37 pts) | YouTube #94 (38 pts)
May 2026,319,17368,OLUWA,Marioo,75,1,Audiomack #62 (75 pts)
May 2026,320,19158,Amaso,Sagamba,74,1,Audiomack #65 (74 pts)
May 2026,321,18449,HOW FAR,NO11,74,1,Apple Music #84 (74 pts)
May 2026,322,18948,IYO,D Voice,74,1,Audiomack #64 (74 pts)
May 2026,323,19159,Lameda,SAMAD,74,1,Audiomack #66 (74 pts)
May 2026,324,19100,Intro,Asake,73,1,Apple Music #85 (73 pts)
May 2026,325,19101,New Bestie,Drake,73,1,Apple Music #86 (73 pts)
May 2026,326,19160,Aheri,Sechi Love,72,1,Audiomack #69 (72 pts)
May 2026,327,17920,Amanda Remix,Zuchu,72,1,Audiomack #70 (72 pts)
May 2026,328,17460,Change Your Mind,Burna Boy,72,1,Apple Music #87 (72 pts)
May 2026,329,19102,Classic,Drake,72,1,Apple Music #89 (72 pts)
May 2026,330,17437,It Depends,Chris Brown,72,1,Apple Music #88 (72 pts)
May 2026,331,19313,NAOGOPA,Fraver Boy,72,1,Shazam #71 (72 pts)
May 2026,332,18082,Nyar Jaduong,Prince Indah,72,1,YouTube #75 (72 pts)
May 2026,333,18665,ON YOU,Timi Dre,72,2,Audiomack #118 (52 pts) | YouTube #110 (20 pts)
May 2026,334,18966,Side Chick,Arrow Bwoy,72,2,Audiomack #156 (39 pts) | YouTube #98 (33 pts)
May 2026,335,18958,Beginning,Darassa,71,1,Audiomack #72 (71 pts)
May 2026,336,19104,Hoe Phase,Drake,71,1,Apple Music #91 (71 pts)
May 2026,337,19161,Oh No,Oberz,71,1,Audiomack #73 (71 pts)
May 2026,338,17619,Shake It To The Max (FLY) [Remix],MOLIY,71,1,Boomplay #77 (71 pts)
May 2026,339,19103,Skilful,Asake,71,1,Apple Music #90 (71 pts)
May 2026,340,19162,Habit,Fameye,70,1,Audiomack #74 (70 pts)
May 2026,341,19105,I’m Spent,Drake,70,1,Apple Music #92 (70 pts)
May 2026,342,19268,Jesus Is the King Forever,Toprock Gospel,70,1,Boomplay #78 (70 pts)
May 2026,343,19278,Six Seven,Laurinha Costa,70,1,YouTube #76 (70 pts)
May 2026,344,17477,Amapiano,Asake,69,2,Apple Music #100 (63 pts) | Audiomack #248 (6 pts)
May 2026,345,19043,By the Way,Vinka,69,1,Shazam #74 (69 pts)
May 2026,346,17802,Come Over (Missing You),Busy Signal,69,1,YouTube #77 (69 pts)
May 2026,347,17565,Gymnastic,KiDi,69,1,Audiomack #76 (69 pts)
May 2026,348,18162,Jahera,Prince Indah,69,1,Boomplay #79 (69 pts)
May 2026,349,19163,Tempting,Ykee Benda,69,1,Audiomack #75 (69 pts)
May 2026,350,19165,Dying Minute,Stahgee,68,1,Audiomack #79 (68 pts)
May 2026,351,19164,Gwasuka,Tarel Tala,68,1,Audiomack #78 (68 pts)
May 2026,352,17353,Raila Duogi Dala,Lady Maureen,68,1,Shazam #75 (68 pts)
May 2026,353,18508,Asante,Victoria Nazah,67,1,YouTube #78 (67 pts)
May 2026,354,17624,Cash Flow,Young Jonn,67,1,Audiomack #82 (67 pts)
May 2026,355,19107,High Fives,Drake,67,1,Apple Music #94 (67 pts)
May 2026,356,19166,Tit For Tat,Nairobee,67,1,Audiomack #81 (67 pts)
May 2026,357,17452,Fountains,Drake,66,1,Apple Music #96 (66 pts)
May 2026,358,19167,Nijidai,16Barz,66,1,Audiomack #84 (66 pts)
May 2026,359,17907,Passionfruit,Drake,66,1,Apple Music #95 (66 pts)
May 2026,360,19108,White Bone,Drake,66,1,Apple Music #97 (66 pts)
May 2026,361,19314,"Alikiba, Mbosso Bhuju",Scotti,65,1,Shazam #76 (65 pts)
May 2026,362,18942,Robin Hood (Freestyle),OnlyMoh,65,1,Audiomack #86 (65 pts)
May 2026,363,19168,Sharp Boy,Trio Mio,65,1,Audiomack #87 (65 pts)
May 2026,364,18073,SPIRIT,Vicoka,65,1,Audiomack #88 (65 pts)
May 2026,365,19170,Instagram,Muyeez,64,1,Audiomack #91 (64 pts)
May 2026,366,19169,Sindimamva,Praise Umali,64,1,Audiomack #90 (64 pts)
May 2026,367,18502,2025 Bongo mix,DJ WIZZY 254,63,1,Boomplay #81 (63 pts)
May 2026,368,19171,Mvua,Dokta Brain,63,1,Audiomack #93 (63 pts)
May 2026,369,19172,Olivia,Lasmid,63,1,Audiomack #94 (63 pts)
May 2026,370,19109,Road Trips,Drake,63,1,Apple Music #99 (63 pts)
May 2026,371,19279,Sweet Love (Re-Recorded),Wahu,63,1,YouTube #80 (63 pts)
May 2026,372,18867,Bwagalaa,Harry Craze,62,1,YouTube #81 (62 pts)
May 2026,373,17649,Dichol,Prince Indah,62,1,Boomplay #83 (62 pts)
May 2026,374,19110,Honey Pack,Chris Brown,62,1,Apple Music #101 (62 pts)
May 2026,375,19111,Hurrr Nor Thurrr,Drake,62,1,Apple Music #102 (62 pts)
May 2026,376,19173,MY GOD,BBO,62,1,Audiomack #96 (62 pts)
May 2026,377,19315,Not Stupid,Burning Spear,61,1,Shazam #80 (61 pts)
May 2026,378,19174,Shakabulizzy,Mavo,61,1,Audiomack #98 (61 pts)
May 2026,379,19175,Cartoon,Naira Marley,60,1,Audiomack #99 (60 pts)
May 2026,380,17454,Charm,Rema,60,1,Apple Music #103 (60 pts)
May 2026,381,17797,TRUE LOVE,Charisma,60,1,YouTube #82 (60 pts)
May 2026,382,17429,Folded,Kehlani,59,1,Apple Music #104 (59 pts)
May 2026,383,17655,Mayday,Fally Ipupa,59,1,Shazam #84 (59 pts)
May 2026,384,19038,Millionaire,LOVIXX,59,1,Shazam #83 (59 pts)
May 2026,385,19176,Ndashaka Sobuja,Xeventeen,59,1,Audiomack #101 (59 pts)
May 2026,386,19177,Okwu (Remix),Rord Kelly,59,1,Audiomack #102 (59 pts)
May 2026,387,18382,Big Guy,Ice Spice,58,1,YouTube #83 (58 pts)
May 2026,388,19179,Constantly,Hyce,58,1,Audiomack #105 (58 pts)
May 2026,389,19112,Fuck and Party,Chris Brown,58,1,Apple Music #105 (58 pts)
May 2026,390,17673,Long story,Toxic Lyrikali,58,1,Boomplay #84 (58 pts)
May 2026,391,19316,Mpenzi Wangu,GenZ African Hits,58,1,Shazam #86 (58 pts)
May 2026,392,19178,Omubiri,Gloria Bugie,58,1,Audiomack #104 (58 pts)
May 2026,393,17306,Which One,Drake,58,1,Apple Music #106 (58 pts)
May 2026,394,18969,Crazy,Mimi Mars,57,1,Audiomack #106 (57 pts)
May 2026,395,19113,Gen 5,Drake,57,1,Apple Music #109 (57 pts)
May 2026,396,18916,I AM,OMAH LAY,57,1,Apple Music #108 (57 pts)
May 2026,397,17963,Malaika,Nyashinski,57,1,Boomplay #85 (57 pts)
May 2026,398,19180,Zagga Dat,Black Coco,57,1,Audiomack #107 (57 pts)
May 2026,399,18952,Hainaga Mambo,Maandy,56,1,Audiomack #108 (56 pts)
May 2026,400,17671,Mahaba,Alikiba,56,1,Boomplay #86 (56 pts)
May 2026,401,19181,Rebel Music,Black Sherif,56,1,Audiomack #109 (56 pts)
May 2026,402,19182,BALENCIAGA,O'Kenneth,55,1,Audiomack #112 (55 pts)
May 2026,403,17558,God is The Greatest,Vybz Kartel,55,1,Audiomack #110 (55 pts)
May 2026,404,18918,Mopepe,Bukzin Keyz,55,1,Apple Music #112 (55 pts)
May 2026,405,19317,Ole Themba,Linah,55,1,Shazam #89 (55 pts)
May 2026,406,19114,Smooth Criminal,Michael Jackson,55,1,Apple Music #110 (55 pts)
May 2026,407,18963,Stress,Phany Love,55,1,Audiomack #111 (55 pts)
May 2026,408,18486,Best Place Pon Earth,Vybz Kartel,54,1,Audiomack #113 (54 pts)
May 2026,409,19183,Yuko Wapi?,Lody Music,54,1,Audiomack #114 (54 pts)
May 2026,410,19280,NGEITHI TI UROGI,SALIM YOUNG,53,1,YouTube #85 (53 pts)
May 2026,411,19185,Omo Lile Refix,Danny S,53,1,Audiomack #117 (53 pts)
May 2026,412,19184,Seven Seas,Gemini Major,53,1,Audiomack #116 (53 pts)
May 2026,413,17647,Colouring This Life,Vybz Kartel,52,1,Boomplay #88 (52 pts)
May 2026,414,19186,Fugazi,Moses Luka,52,1,Audiomack #119 (52 pts)
May 2026,415,17511,goosebumps,Travis Scott,52,1,Apple Music #113 (52 pts)
May 2026,416,17962,Israel Mbonyi Mix,DJ WIZZY 254,52,1,Boomplay #89 (52 pts)
May 2026,417,19187,It is Finished,Kofi Kinaata,52,1,Audiomack #120 (52 pts)
May 2026,418,17743,Munyamaruri,NG'ETHE STEVE,52,1,YouTube #87 (52 pts)
May 2026,419,18161,Atieno Nyar Chula,Prince Indah,51,1,Boomplay #90 (51 pts)
May 2026,420,18664,Hatari,Alikiba,51,1,Audiomack #121 (51 pts)
May 2026,421,19318,Hey There Delilah,Plain White T's,51,1,Shazam #93 (51 pts)
May 2026,422,19189,Introduction,T.I BLAZE,51,1,Audiomack #123 (51 pts)
May 2026,423,19188,My Side,Jovial,51,1,Audiomack #122 (51 pts)
May 2026,424,19190,Malika,Dokta Brain,50,1,Audiomack #125 (50 pts)
May 2026,425,18937,Moyo,Lony Bway,50,1,Audiomack #124 (50 pts)
May 2026,426,19191,My Way,Hotkeed,50,1,Audiomack #126 (50 pts)
May 2026,427,18943,Asake WYFL,OnlyMoh,49,1,Audiomack #127 (49 pts)
May 2026,428,19193,Joy is Coming,Fido,49,1,Audiomack #129 (49 pts)
May 2026,429,19192,My Town,Mimi kampala,49,1,Audiomack #128 (49 pts)
May 2026,430,19115,Rusty Intro,Drake,49,1,Apple Music #114 (49 pts)
May 2026,431,17877,The Fate of Ophelia,Taylor Swift,49,1,Shazam #95 (49 pts)
May 2026,432,19056,VALHALLA CALLING,Ragal Ironbull,49,1,Shazam #96 (49 pts)
May 2026,433,19194,Bend,Olivetheboy,48,1,Audiomack #131 (48 pts)
May 2026,434,19033,Do You Ever Get Tired?,King Willonius,48,1,Shazam #97 (48 pts)
May 2026,435,19116,Outside Tweaking,Drake,48,1,Apple Music #116 (48 pts)
May 2026,436,17320,My Darling (Mpenzi Wangu),Chella,47,1,Audiomack #132 (47 pts)
May 2026,437,19319,Nakutaka,King Bubby,47,1,Shazam #100 (47 pts)
May 2026,438,17330,Ngibolekeni,DJ Maphorisa,47,1,Apple Music #117 (47 pts)
May 2026,439,18967,Sofaya,JZyNo,47,1,Audiomack #133 (47 pts)
May 2026,440,19195,To Be A Man,Kizz Daniel,47,1,Audiomack #134 (47 pts)
May 2026,441,19281,East Kwetu,BURUKLYN BOYZ,46,1,YouTube #88 (46 pts)
May 2026,442,18965,Hallelujah (Washwash),Khaligraph Jones,46,1,Audiomack #136 (46 pts)
May 2026,443,18710,Macmuga,Alikiba,46,1,YouTube #89 (46 pts)
May 2026,444,17536,Suzanna,Sauti Sol,46,1,Apple Music #118 (46 pts)
May 2026,445,19196,Violence,Sarkodie,46,1,Audiomack #137 (46 pts)
May 2026,446,19320,When U Feel Lonely,Mavado,46,1,Shazam #101 (46 pts)
May 2026,447,17314,Amanda,Zuchu,45,1,Boomplay #91 (45 pts)
May 2026,448,19117,Cheetah Print,Drake,45,1,Apple Music #119 (45 pts)
May 2026,449,18999,Osama,OnlyMoh,45,2,YouTube #112 (19 pts) | Shazam #124 (26 pts)
May 2026,450,17924,STREET CROWN (REMIX),SHATTA WALE,45,1,Audiomack #139 (45 pts)
May 2026,451,19197,Unahanya,Mavo On The Beat,45,1,Audiomack #138 (45 pts)
May 2026,452,19199,Awuke,Davido,44,1,Audiomack #142 (44 pts)
May 2026,453,19198,Enjoy,Exray Taniua,44,1,Audiomack #141 (44 pts)
May 2026,454,19118,For The Moment,Chris Brown,44,1,Apple Music #120 (44 pts)
May 2026,455,18823,"LATEST 2026 SONGS MIX BEST OF AFROBEAT , BONGO DANCEHALL HIPHOP RNB",DJ EXRAY,44,1,Audiomack #140 (44 pts)
May 2026,456,19200,Infinity,Olamide,43,1,Audiomack #145 (43 pts)
May 2026,457,18956,Maisha,MAKAMANDA,43,1,Audiomack #143 (43 pts)
May 2026,458,19010,Natulia,Aslay,43,1,Audiomack #144 (43 pts)
May 2026,459,19119,Prioritizing,Drake,43,1,Apple Music #122 (43 pts)
May 2026,460,19202,Calculate,Kidd Carder,42,1,Audiomack #148 (42 pts)
May 2026,461,19201,Mariana,Lexsil,42,1,Audiomack #147 (42 pts)
May 2026,462,19321,Ndincedeni,Dalom Kids,42,1,Shazam #102 (42 pts)
May 2026,463,19322,Trouble (She Hate Men) [Demo],Drej,42,1,Shazam #103 (42 pts)
May 2026,464,19204,AKAMOLE,Teee Dollar,41,1,Audiomack #151 (41 pts)
May 2026,465,19120,BBW,Drake,41,1,Apple Music #123 (41 pts)
May 2026,466,19203,Hakuna Namna,Guardian Angel,41,1,Audiomack #150 (41 pts)
May 2026,467,18940,Mkuu Mamake,MAKAMANDA,41,1,Audiomack #149 (41 pts)
May 2026,468,18033,Nitarejea,Diamond Platnumz,41,1,YouTube #91 (41 pts)
May 2026,469,18854,A Thousand Years,Christina Perri,40,1,YouTube #92 (40 pts)
May 2026,470,19207,Get Better,Zlatan,40,1,Audiomack #154 (40 pts)
May 2026,471,19025,In the Silence,English Audio Bible,40,1,Shazam #104 (40 pts)
May 2026,472,17449,KANTE,Davido,40,1,Apple Music #125 (40 pts)
May 2026,473,19206,Ni Mbaya,Mr Seed,40,1,Audiomack #153 (40 pts)
May 2026,474,19121,Q&A,Drake,40,1,Apple Music #126 (40 pts)
May 2026,475,17887,Sold Out Dates,Gunna,40,1,Apple Music #124 (40 pts)
May 2026,476,19205,Unfaded,SantyXmood,40,1,Audiomack #152 (40 pts)
May 2026,477,19323,Waiting At The Gate,fwc,40,1,Shazam #105 (40 pts)
May 2026,478,17455,4 Kampé II,Joé Dwèt Filé,39,1,Shazam #106 (39 pts)
May 2026,479,19324,Ntaba Ezikude,Msay Wedding Films,39,1,Shazam #107 (39 pts)
May 2026,480,19208,Shoulder,Medikal,39,1,Audiomack #157 (39 pts)
May 2026,481,17545,Baby,The Ben,38,1,Audiomack #158 (38 pts)
May 2026,482,18272,KOMSA,SIJI.,38,1,Shazam #109 (38 pts)
May 2026,483,19282,OSA MAKU,Fortune Mwikali,38,1,YouTube #95 (38 pts)
May 2026,484,19209,Pancake,SHATTA WALE,38,1,Audiomack #159 (38 pts)
May 2026,485,17423,Sohlala Sisonke,Dlala Thukzin,38,1,Apple Music #128 (38 pts)
May 2026,486,19325,How are you ?,Levelz UP,37,1,Shazam #111 (37 pts)
May 2026,487,19029,Mimina Neema,Official Tikiti,37,1,Shazam #110 (37 pts)
May 2026,488,18464,Nights,Frank Ocean,37,1,Apple Music #129 (37 pts)
May 2026,489,19210,Trenches Luv,T.I BLAZE,37,1,Audiomack #162 (37 pts)
May 2026,490,18561,Watch Me Now!,Ndotz,37,1,YouTube #96 (37 pts)
May 2026,491,18950,Forever,Lucid,36,1,Audiomack #164 (36 pts)
May 2026,492,19211,Na So,Shallipopi,36,1,Audiomack #165 (36 pts)
May 2026,493,17439,One Dance,Drake,36,1,Apple Music #130 (36 pts)
May 2026,494,19326,WHEN YOU TURN AWAY,Chizobenzs,36,1,Shazam #112 (36 pts)
May 2026,495,18414,Excellent,KOJO BLAK,35,1,Audiomack #168 (35 pts)
May 2026,496,19212,Hasira Hasara,DENO.,35,1,Audiomack #167 (35 pts)
May 2026,497,19327,Know You,LADIPOE,35,1,Shazam #113 (35 pts)
May 2026,498,18657,Asante,Nandy,34,1,Audiomack #169 (34 pts)
May 2026,499,18962,Historia Ya Kana Ka Ngai,Bahati,34,1,Audiomack #170 (34 pts)
May 2026,500,19122,It's Not You It's Me,Chris Brown,34,1,Apple Music #132 (34 pts)
May 2026,501,19269,Moving On,FUNMY,34,1,Boomplay #93 (34 pts)
May 2026,502,19213,Philo,Bella Shmurda,34,1,Audiomack #171 (34 pts)
May 2026,503,17609,Wale Wale,Zuchu,34,1,Boomplay #92 (34 pts)
May 2026,504,19214,Ex Harudiwi,Nadia Mukami,33,1,Audiomack #173 (33 pts)
May 2026,505,19283,Ndalo,OgaObinna The Oga@DTop,33,1,YouTube #100 (33 pts)
May 2026,506,18707,NO BATIDÃO,ZXKAI,33,1,YouTube #99 (33 pts)
May 2026,507,19328,Once Once,motif di don,33,1,Shazam #114 (33 pts)
May 2026,508,17935,soso,Omah Lay,33,1,Audiomack #174 (33 pts)
May 2026,509,18476,TOTO,Calad X Rayvanny,33,1,Audiomack #172 (33 pts)
May 2026,510,19216,La vida Loca,King Paluta,32,1,Audiomack #177 (32 pts)
May 2026,511,17559,Mon Amor,Rayvanny,32,1,Audiomack #175 (32 pts)
May 2026,512,19215,The One,Pallaso,32,1,Audiomack #176 (32 pts)
May 2026,513,17453,UNAVAILABLE,Davido,32,1,Apple Music #133 (32 pts)
May 2026,514,19217,Baby Father (Uptown Riddim),Vybz Kartel,31,1,Audiomack #179 (31 pts)
May 2026,515,17456,Man I Need,Olivia Dean,31,1,Apple Music #134 (31 pts)
May 2026,516,19270,Testify,Joseph Briggs,31,1,Boomplay #95 (31 pts)
May 2026,517,19218,Tomorrow (Spritual Version),SAMAD,31,1,Audiomack #180 (31 pts)
May 2026,518,19219,Eu Sou Natural,Tamyris Moiane,30,1,Audiomack #182 (30 pts)
May 2026,519,19284,IMERA ITIHANAINE,Wanja Asali,30,1,YouTube #103 (30 pts)
May 2026,520,18762,Mario,Khaligraph Jones,30,1,Shazam #116 (30 pts)
May 2026,521,17332,Msumari,Diamond Platnumz,30,1,Audiomack #183 (30 pts)
May 2026,522,19220,Ara (600M),Bella Shmurda,29,1,Audiomack #184 (29 pts)
May 2026,523,17576,Day by Day,Kondela,29,1,Audiomack #185 (29 pts)
May 2026,524,17491,Abalele,Kabza De Small,28,1,Apple Music #135 (28 pts)
May 2026,525,17482,Girls Need Love,Summer Walker,28,1,Apple Music #136 (28 pts)
May 2026,526,19221,Laho Remix Unlocked,Shallipopi,28,1,Audiomack #187 (28 pts)
May 2026,527,19329,Ready,Tems,28,1,Shazam #119 (28 pts)
May 2026,528,19123,True Bestie,Drake,28,1,Apple Music #137 (28 pts)
May 2026,529,18709,Umenifunza,D Voice,28,1,YouTube #105 (28 pts)
May 2026,530,19330,As It Was,Harry Styles,27,1,Shazam #120 (27 pts)
May 2026,531,17909,Euphoria,Toxic Lyrikali,27,1,Boomplay #96 (27 pts)
May 2026,532,19222,Realize,Balloranking,27,1,Audiomack #190 (27 pts)
May 2026,533,18959,Wange,Mocco Genius,27,1,Audiomack #189 (27 pts)
May 2026,534,17370,Woza,Nadia Mukami,27,1,YouTube #106 (27 pts)
May 2026,535,17313,Extra Pressure,Bensoul,26,1,Audiomack #191 (26 pts)
May 2026,536,19224,Kai!,Olamide,26,1,Audiomack #193 (26 pts)
May 2026,537,19223,Sinila,Macelba,26,1,Audiomack #192 (26 pts)
May 2026,538,19031,Sua Amiga Vou Pegar,MC Lan,26,1,Shazam #122 (26 pts)
May 2026,539,17422,uMA weNGANE,Thukuthela,26,1,Apple Music #138 (26 pts)
May 2026,540,18417,Walk Away (Remember Me),Paula DeAnda,26,1,Shazam #123 (26 pts)
May 2026,541,19331,Love Has No Language,Levelz UP,25,1,Shazam #125 (25 pts)
May 2026,542,19225,LOVERGRL,Le Ru,25,1,Audiomack #195 (25 pts)
May 2026,543,19285,Moyo (Acoustic),Kusslove,25,1,YouTube #107 (25 pts)
May 2026,544,18977,Riches,Various Artists,25,1,Boomplay #97 (25 pts)
May 2026,545,18163,Above & Beyond,Prince Indah,24,1,Boomplay #98 (24 pts)
May 2026,546,18972,All Over You,Deobi,24,1,Audiomack #196 (24 pts)
May 2026,547,19226,Can I Love You,Dokta Brain,24,1,Audiomack #197 (24 pts)
May 2026,548,19227,Cry (shayo),Majeeed,24,1,Audiomack #198 (24 pts)
May 2026,549,17886,In My Feelings,Drake,24,1,Apple Music #139 (24 pts)
May 2026,550,19229,NOT THE SAME,Vallerie Muthoni,23,1,Audiomack #200 (23 pts)
May 2026,551,18377,Rush,Ayra Starr,23,1,Audiomack #201 (23 pts)
May 2026,552,17646,Thugnificent,Toxic Lyrikali,23,1,Boomplay #99 (23 pts)
May 2026,553,19228,Trauma,OnlyMoh,23,1,Audiomack #199 (23 pts)
May 2026,554,19231,DODO,DAVIDO,22,1,Audiomack #203 (22 pts)
May 2026,555,19230,I Believe In Better,Libianca,22,1,Audiomack #202 (22 pts)
May 2026,556,17539,prada dem,Gunna,22,1,Apple Music #140 (22 pts)
May 2026,557,18865,Sabela,M'du,22,1,Shazam #127 (22 pts)
May 2026,558,19233,Mine,Vinka,21,1,Audiomack #205 (21 pts)
May 2026,559,19232,Story,Ibraah,21,1,Audiomack #204 (21 pts)
May 2026,560,19234,Too Late,Wendy Shay,21,1,Audiomack #206 (21 pts)
May 2026,561,19124,You Rock My World,Michael Jackson,21,1,Apple Music #141 (21 pts)
May 2026,562,18800,Aura Salad,SSSoundGawd,20,1,Apple Music #142 (20 pts)
May 2026,563,19332,Coconut Water,Trim,20,1,Shazam #128 (20 pts)
May 2026,564,19235,For the Popping (Apicki),King Paluta,20,1,Audiomack #209 (20 pts)
May 2026,565,18951,Utaambia Nini Watu?,Iyanii,20,1,Audiomack #208 (20 pts)
May 2026,566,18855,7 Years,Lukas Graham,19,1,YouTube #111 (19 pts)
May 2026,567,19334,Epiphany,Shady Luopin,19,1,Shazam #132 (19 pts)
May 2026,568,17457,Residuals,Chris Brown,19,1,Apple Music #143 (19 pts)
May 2026,569,19333,So Mi Like It,Spice,19,1,Shazam #131 (19 pts)
May 2026,570,19236,Tel Aviv,Sat-B,19,1,Audiomack #211 (19 pts)
May 2026,571,19237,Try,T.I BLAZE,19,1,Audiomack #212 (19 pts)
May 2026,572,19240,Inspiration,Future,18,1,Audiomack #215 (18 pts)
May 2026,573,19239,Intare Zishonje,R.M.H,18,1,Audiomack #214 (18 pts)
May 2026,574,19017,Kiuzombie,DWAYNE SPYKES,18,1,Shazam #133 (18 pts)
May 2026,575,19335,Moving From,Neeles,18,1,Shazam #134 (18 pts)
May 2026,576,17799,Ndaumiriire Gwaku,NG'ETHE STEVE,18,1,YouTube #113 (18 pts)
May 2026,577,19287,Amukira Ngatho,Grace Mwai,17,1,YouTube #115 (17 pts)
May 2026,578,18400,Gyal You a Party Animal,Charly Black,17,1,YouTube #116 (17 pts)
May 2026,579,19243,Holy Jah,Bella Shmurda,17,1,Audiomack #219 (17 pts)
May 2026,580,19286,Love Is Wicked,Brick,17,1,YouTube #114 (17 pts)
May 2026,581,19241,Nitampeleka kwa Mama,Msomali,17,1,Audiomack #216 (17 pts)
May 2026,582,17293,Ordinary,Alex Warren,17,1,Audiomack #217 (17 pts)
May 2026,583,18975,Sundar Love (Beautiful Love),Drex D,17,1,Boomplay #100 (17 pts)
May 2026,584,19242,Tonalaba,Tracy Melon,17,1,Audiomack #218 (17 pts)
May 2026,585,18598,Another Day In Paradise,Phil Collins,16,1,Shazam #135 (16 pts)
May 2026,586,18930,Bad Influence,OMAH LAY,16,1,Audiomack #222 (16 pts)
May 2026,587,17890,Digits,Young Thug,16,1,Apple Music #144 (16 pts)
May 2026,588,19244,Forgive Me,Wanavokali,16,1,Audiomack #221 (16 pts)
May 2026,589,18663,Huyu,Phany Love,16,1,YouTube #117 (16 pts)
May 2026,590,19336,Mad,Ne-Yo,16,1,Shazam #136 (16 pts)
May 2026,591,17757,Nitadumu Nae,Yammi,16,1,Boomplay #102 (16 pts)
May 2026,592,19246,Ingine Ama,HOOD BOYZ,15,1,Audiomack #223 (15 pts)
May 2026,593,19247,Je!,King Soundboi,15,1,Audiomack #224 (15 pts)
May 2026,594,18549,lovely,Billie Eilish,15,1,YouTube #118 (15 pts)
May 2026,595,17772,Sina,Jay Melody,15,1,Boomplay #103 (15 pts)
May 2026,596,19125,Slow Jamz,Chris Brown,15,1,Apple Music #145 (15 pts)
May 2026,597,19002,Baby,Justin Bieber,14,1,YouTube #119 (14 pts)
May 2026,598,19248,Insomnia,Veola,14,1,Audiomack #226 (14 pts)
May 2026,599,17519,MMS,Asake,14,1,Apple Music #146 (14 pts)
May 2026,600,17469,Okay,Adekunle Gold,14,1,Apple Music #147 (14 pts)
May 2026,601,19249,Trump,Smur Lee,14,1,Audiomack #227 (14 pts)
May 2026,602,19337,Beryl Nyar Ugenya,Odongo Swagg,13,1,Shazam #137 (13 pts)
May 2026,603,18039,Comfortable,Demarco,13,1,YouTube #121 (13 pts)
May 2026,604,19250,German,Boutross,13,1,Audiomack #229 (13 pts)
May 2026,605,19338,Mama,Christopher Martin,13,1,Shazam #138 (13 pts)
May 2026,606,19251,Na Scra,Famous Pluto,13,1,Audiomack #230 (13 pts)
May 2026,607,18687,Ng'aada,Thirtyfourbrick,13,1,Audiomack #228 (13 pts)
May 2026,608,19126,Stuck,Drake,13,1,Apple Music #148 (13 pts)
May 2026,609,19253,Dangbana Riddim,Bella Shmurda,12,1,Audiomack #232 (12 pts)
May 2026,610,18552,Let Me Love You,DJ Snake,12,1,YouTube #123 (12 pts)
May 2026,611,19252,Punisher,Buju Banton,12,1,Audiomack #231 (12 pts)
May 2026,612,17776,Slow,Rayvanny,12,1,YouTube #124 (12 pts)
May 2026,613,17662,Baridi,Jay Melody,11,1,Boomplay #104 (11 pts)
May 2026,614,17898,D & G,Davido,11,1,Apple Music #149 (11 pts)
May 2026,615,19289,For Lovers,Hornsphere,11,1,YouTube #126 (11 pts)
May 2026,616,19127,Goose and The Juice,Drake,11,1,Apple Music #150 (11 pts)
May 2026,617,19339,Malebo,Pst. Faustin S. Munishi,11,1,Shazam #142 (11 pts)
May 2026,618,19254,Man of The Year,Seyi Vibez,11,1,Audiomack #234 (11 pts)
May 2026,619,19040,My Sweet Love,Coconut Rootz,11,1,Shazam #141 (11 pts)
May 2026,620,18732,Ni Wewe,Bridget Blue,11,1,Audiomack #233 (11 pts)
May 2026,621,19340,Reality,DJ Johnny SA,11,1,Shazam #143 (11 pts)
May 2026,622,18168,Bully Van,Toxic Lyrikali,10,1,Boomplay #105 (10 pts)
May 2026,623,19129,Call Your Name,Chris Brown,10,1,Apple Music #152 (10 pts)
May 2026,624,19255,January 9th,Black Sherif,10,1,Audiomack #237 (10 pts)
May 2026,625,18812,Pardon,Inès Raguël,10,1,Audiomack #236 (10 pts)
May 2026,626,17506,Passenger Princess,Valiant,10,1,Audiomack #235 (10 pts)
May 2026,627,19128,Thriller,Michael Jackson,10,1,Apple Music #151 (10 pts)
May 2026,628,17695,Utaniua,Zuchu,10,1,Boomplay #106 (10 pts)
May 2026,629,17984,Cartman,Toxic Lyrikali,9,1,Boomplay #107 (9 pts)
May 2026,630,17443,FUN,Rema,9,1,Audiomack #240 (9 pts)
May 2026,631,19341,Headlights [Slowed Version],Alok,9,1,Shazam #146 (9 pts)
May 2026,632,17530,Mask Off,Future,9,1,Apple Music #153 (9 pts)
May 2026,633,18280,Better Days,KODONGKLAN,8,1,Shazam #147 (8 pts)
May 2026,634,19257,Goodsin,olivetheboy,8,1,Audiomack #242 (8 pts)
May 2026,635,19256,Ibitambo,AY,8,1,Audiomack #241 (8 pts)
May 2026,636,18164,Jambaka,Prince Indah,8,1,Boomplay #108 (8 pts)
May 2026,637,18546,like my father,Jax,8,1,YouTube #127 (8 pts)
May 2026,638,18545,Nikio Ngukuraciria,John De 'Mathew,8,1,YouTube #128 (8 pts)
May 2026,639,19130,Bad,Michael Jackson,7,1,Apple Music #154 (7 pts)
May 2026,640,17473,Like That,Future,7,1,Apple Music #155 (7 pts)
May 2026,641,18817,Loyal,Sanja Kong,7,1,Audiomack #244 (7 pts)
May 2026,642,17594,Rich Sex,Masicka,7,1,Audiomack #243 (7 pts)
May 2026,643,19063,Si Vibaya Kujuana,Chikuzee,7,1,Shazam #149 (7 pts)
May 2026,644,17908,Sweety,Nandy,7,1,Audiomack #245 (7 pts)
May 2026,645,18816,Anitah,JIVU,6,1,Audiomack #247 (6 pts)
May 2026,646,18715,Beautiful Onyinye,P-Square,6,1,YouTube #131 (6 pts)
May 2026,647,18471,N o C h i l l,PARTYNEXTDOOR,6,1,Apple Music #156 (6 pts)
May 2026,648,17678,Nitasema,Jay Melody,6,1,Boomplay #109 (6 pts)
May 2026,649,19342,Tamu Sana,KelSin,6,1,Shazam #150 (6 pts)
May 2026,650,19291,Victory,Vybz Kartel,6,1,YouTube #132 (6 pts)
May 2026,651,18770,(When You Gonna) Give It Up to Me [Radio Version],Sean Paul,5,1,Shazam #151 (5 pts)
May 2026,652,18825,Body Tea,Juanita,5,1,Audiomack #249 (5 pts)
May 2026,653,19343,Ché Ché Kule,Digit Kids,5,1,Shazam #153 (5 pts)
May 2026,654,19258,MARA PUPO 2025 MIXTAPE,DJ Amacoz,5,1,Audiomack #250 (5 pts)
May 2026,655,17674,Sawa,Jay Melody,5,1,Boomplay #110 (5 pts)
May 2026,656,19344,Amigo,Rorexxie,4,1,Shazam #154 (4 pts)
May 2026,657,19259,Colorado,Ayra Starr,4,1,Audiomack #251 (4 pts)
May 2026,658,19261,Escaladizzy II,Mavo,4,1,Audiomack #253 (4 pts)
May 2026,659,19345,No One Else,Chris Brown,4,1,Shazam #155 (4 pts)
May 2026,660,19260,Slow Motion,Teslah,4,1,Audiomack #252 (4 pts)
May 2026,661,19293,Smoke,OnlyMoh,4,1,YouTube #134 (4 pts)
May 2026,662,19292,Unigeukie,Israel Mbonyi,4,1,YouTube #133 (4 pts)
May 2026,663,19263,Bobo,Adekunle Gold,3,1,Audiomack #256 (3 pts)
May 2026,664,19294,Headlights,Alok,3,1,YouTube #135 (3 pts)
May 2026,665,19262,How,Fwad thegreat,3,1,Audiomack #255 (3 pts)
May 2026,666,18700,Kogik Otieno,Prince Indah,3,1,Boomplay #111 (3 pts)
May 2026,667,17544,Poetic Justice,Kendrick Lamar,3,1,Apple Music #158 (3 pts)
May 2026,668,19347,Search My Heart,English Audio Bible,3,1,Shazam #157 (3 pts)
May 2026,669,18483,Tamu Chungu,Vanillah,3,1,Audiomack #254 (3 pts)
May 2026,670,18797,Ye,Burna Boy,3,1,Apple Music #157 (3 pts)
May 2026,671,19346,YOU ARE THE HIGHLIGHT,Souls to sounds,3,1,Shazam #156 (3 pts)
May 2026,672,19348,Breathe Hoodtrap,twopiecemadeit,2,1,Shazam #159 (2 pts)
May 2026,673,17489,Love,Burna Boy,2,1,Audiomack #257 (2 pts)
May 2026,674,18461,Pink + White,Frank Ocean,2,1,Apple Music #159 (2 pts)
May 2026,675,19018,Right By Your Side.,Laflare,2,1,Shazam #158 (2 pts)
May 2026,676,18833,Umekuwa Wapi,Gogo Ashley,2,1,Audiomack #258 (2 pts)
May 2026,677,19295,Uria Mundu Atangika,Phyllis Mbuthia,2,1,YouTube #138 (2 pts)
May 2026,678,18522,Vurugu,Mauru Gwash,2,1,YouTube #137 (2 pts)
May 2026,679,19264,Closer,Malcolm Rue,1,1,Audiomack #259 (1 pts)
May 2026,680,18935,Don't,Bryson Tiller,1,1,Apple Music #161 (1 pts)
May 2026,681,19265,Fanta My Baby,Fantana x KOJO BLAK,1,1,Audiomack #260 (1 pts)
May 2026,682,18468,LIKE ME,Future,1,1,Apple Music #160 (1 pts)
May 2026,683,18553,Love Story,Indila,1,1,Shazam #160 (1 pts)
May 2026,684,18369,Mapenzi Kilio Bongo mix,DJ WIZZY 254,1,1,Boomplay #112 (1 pts)
May 2026,685,19296,Naksh Naksh Mrembo,Alikiba,1,1,YouTube #139 (1 pts)
May 2026,686,19349,Try Sleeping With a Broken Heart,Alicia Keys,1,1,Shazam #161 (1 pts)
June 2026,1,17391,Finale,Bien ft. Alikiba,1580,6,APPLE MUSIC #3 (293 pts) | AUDIOMACK #2 (298 pts) | BOOMPLAY #1 (299 pts) | SPOTIFY #2 (146 pts) | YOUTUBE #1 (300 pts) | SHAZAM #14 (244 pts)
June 2026,2,21614,Ozalima,Mbosso,1294,5,AUDIOMACK #1 (299 pts) | BOOMPLAY #2 (298 pts) | SPOTIFY #13 (113 pts) | YOUTUBE #2 (296 pts) | SHAZAM #2 (288 pts)
June 2026,3,17398,Chai ya saa kumi,Ywaya Tajiri,1244,5,APPLE MUSIC #7 (281 pts) | BOOMPLAY #8 (278 pts) | SPOTIFY #5 (139 pts) | YOUTUBE #4 (291 pts) | SHAZAM #13 (255 pts)
June 2026,4,19136,Dance Samawaah!,Collo Blue ft. NDOVU KUU,965,4,AUDIOMACK #18 (172 pts) | BOOMPLAY #17 (244 pts) | YOUTUBE #5 (288 pts) | SHAZAM #10 (261 pts)
June 2026,5,17393,Mdomo uliponza kichwa,Soul Touch Brand,855,3,BOOMPLAY #4 (290 pts) | YOUTUBE #3 (294 pts) | SHAZAM #6 (271 pts)
June 2026,6,17408,Hate,Toxic Lyrikali,841,4,AUDIOMACK #5 (284 pts) | BOOMPLAY #27 (218 pts) | SPOTIFY #19 (99 pts) | YOUTUBE #18 (240 pts)
June 2026,7,17345,Rapudo,Prince Indah,767,3,BOOMPLAY #3 (294 pts) | YOUTUBE #8 (278 pts) | SHAZAM #23 (195 pts)
June 2026,8,17282,Pawa,Mbosso,756,4,AUDIOMACK #11 (269 pts) | BOOMPLAY #5 (289 pts) | SPOTIFY #46 (13 pts) | YOUTUBE #35 (185 pts)
June 2026,9,17394,Wewe,Harmonize,725,3,AUDIOMACK #14 (257 pts) | BOOMPLAY #20 (240 pts) | YOUTUBE #23 (228 pts)
June 2026,10,17400,Party Lit,JETTI ft. DJ CHEEM,697,3,AUDIOMACK #15 (253 pts) | YOUTUBE #39 (179 pts) | SHAZAM #9 (265 pts)
June 2026,11,17392,Siaka,Mejja ft. Fik Fameica,668,3,BOOMPLAY #13 (263 pts) | SPOTIFY #10 (121 pts) | YOUTUBE #6 (284 pts)
June 2026,12,17409,Bhuju,Alikiba ft. Mbosso,647,3,AUDIOMACK #4 (289 pts) | BOOMPLAY #46 (158 pts) | YOUTUBE #30 (200 pts)
June 2026,13,21615,Watu,Marioo ft. D Voice,642,3,AUDIOMACK #3 (292 pts) | BOOMPLAY #45 (159 pts) | YOUTUBE #34 (191 pts)
June 2026,14,17369,Up Burukanga,Collo Blue ft. Addeh Prince,630,3,BOOMPLAY #16 (248 pts) | SPOTIFY #14 (113 pts) | YOUTUBE #10 (269 pts)
June 2026,15,17407,LAST DANCE,Wakadinali,627,3,SPOTIFY #4 (140 pts) | YOUTUBE #9 (275 pts) | SHAZAM #20 (212 pts)
June 2026,16,17402,Natafuta Doo,ELISHA TOTO,621,3,BOOMPLAY #37 (179 pts) | YOUTUBE #24 (221 pts) | SHAZAM #18 (221 pts)
June 2026,17,17380,Natulizana,Diamond Platnumz,604,3,AUDIOMACK #22 (161 pts) | BOOMPLAY #18 (244 pts) | YOUTUBE #31 (199 pts)
June 2026,18,17281,Donjo Maber,Iyanii ft. Dufla,594,3,BOOMPLAY #24 (233 pts) | SPOTIFY #12 (118 pts) | YOUTUBE #17 (243 pts)
June 2026,19,17406,AYAYAAH,ELEMENT EleéeH ft. Bien & Joshua Baraka,583,3,SPOTIFY #1 (150 pts) | YOUTUBE #44 (167 pts) | SHAZAM #7 (266 pts)
June 2026,20,17411,Mombasa,Marioo,544,3,AUDIOMACK #9 (271 pts) | BOOMPLAY #49 (145 pts) | YOUTUBE #49 (128 pts)
June 2026,21,17357,Mfisadi,Toxic Lyrikali ft. Dyana Cods,536,3,BOOMPLAY #10 (272 pts) | SPOTIFY #21 (91 pts) | YOUTUBE #41 (173 pts)
June 2026,22,17343,Raindance,Dave ft. Tems,528,3,APPLE MUSIC #25 (228 pts) | SPOTIFY #27 (72 pts) | YOUTUBE #22 (228 pts)
June 2026,23,17374,Baridi,D Voice ft. Zuchu,507,2,BOOMPLAY #15 (252 pts) | YOUTUBE #14 (255 pts)
June 2026,24,21635,Dai Dai,Shakira ft. Burna Boy,498,2,YOUTUBE #7 (280 pts) | SHAZAM #19 (218 pts)
June 2026,25,19139,Hardest Truth,Jubet,485,2,BOOMPLAY #26 (220 pts) | SHAZAM #8 (265 pts)
June 2026,26,19297,Well Done,Deejay MJ,480,2,BOOMPLAY #36 (184 pts) | SHAZAM #1 (296 pts)
June 2026,27,21619,Pombe I,Marioo ft. Harmonize,458,2,AUDIOMACK #7 (279 pts) | YOUTUBE #38 (179 pts)
June 2026,28,17386,Panic,Vybz Kartel ft. Shenseea,456,3,BOOMPLAY #42 (172 pts) | SPOTIFY #18 (100 pts) | YOUTUBE #36 (184 pts)
June 2026,29,21616,Stone,Toxic Lyrikali ft. Countree Hype,453,2,AUDIOMACK #6 (282 pts) | YOUTUBE #42 (171 pts)
June 2026,30,19079,Shabang,Drake,440,2,APPLE MUSIC #2 (297 pts) | SPOTIFY #3 (143 pts)
June 2026,31,17412,Back Outside,BNXN ft. Sarz,437,2,APPLE MUSIC #15 (256 pts) | SHAZAM #29 (181 pts)
June 2026,32,17395,Moyo,Kusslove ft. Rayvanny,429,2,BOOMPLAY #6 (288 pts) | SHAZAM #45 (141 pts)
June 2026,33,21617,PM,Willy Paul ft. Otile Brown,429,2,AUDIOMACK #10 (269 pts) | YOUTUBE #45 (160 pts)
June 2026,34,17350,Berna,Prince Indah,424,2,BOOMPLAY #25 (226 pts) | YOUTUBE #32 (198 pts)
June 2026,35,17285,Backbencher,Toxic Lyrikali ft. Countree Hype,415,3,AUDIOMACK #24 (159 pts) | BOOMPLAY #31 (205 pts) | SPOTIFY #34 (51 pts)
June 2026,36,17404,WORSHIP,Asake ft. DJ Snake,406,2,APPLE MUSIC #18 (249 pts) | SHAZAM #37 (157 pts)
June 2026,37,17431,Come Closer,Wizkid ft. Drake,399,2,APPLE MUSIC #8 (279 pts) | SHAZAM #50 (120 pts)
June 2026,38,17283,Taya,Okello Max,395,2,SPOTIFY #7 (131 pts) | YOUTUBE #12 (264 pts)
June 2026,39,19078,Ran To Atlanta,Drake ft. Future & Molly Santana,394,2,APPLE MUSIC #4 (292 pts) | SPOTIFY #16 (102 pts)
June 2026,40,17373,Papaoutai (Afro Soul),mikeeysmind ft. Chill77 & Unjaps,375,2,YOUTUBE #40 (175 pts) | SHAZAM #22 (200 pts)
June 2026,41,17332,Msumari,Diamond Platnumz ft. Ciara,373,2,AUDIOMACK #49 (114 pts) | BOOMPLAY #14 (259 pts)
June 2026,42,19238,Go Down,PAPA NYOSTO,366,2,YOUTUBE #28 (203 pts) | SHAZAM #35 (163 pts)
June 2026,43,19042,ALL I HAVE,Victor Ivyic,365,2,YOUTUBE #20 (238 pts) | SHAZAM #49 (127 pts)
June 2026,44,18922,Lwetse,"Xduppy ft. Angekebabuye mc, DJ Maphorisa, Mluusician & M...",345,2,APPLE MUSIC #44 (164 pts) | SHAZAM #28 (181 pts)
June 2026,45,17410,Gratitude,Asake,327,2,APPLE MUSIC #12 (267 pts) | SPOTIFY #31 (60 pts)
June 2026,46,21620,No Bad Grades,Young Roddo,312,2,AUDIOMACK #21 (161 pts) | SHAZAM #40 (151 pts)
June 2026,47,17419,Fast Fast,031choppa ft. Al Xapo & Benzoo,308,2,APPLE MUSIC #39 (179 pts) | SHAZAM #48 (129 pts)
June 2026,48,19077,Janice STFU,Drake,300,1,APPLE MUSIC #1 (300 pts)
June 2026,49,17384,MAYDAY RACHAEL,Gradine Toto,287,1,SHAZAM #3 (287 pts)
June 2026,50,17414,Forgiveness,Asake,284,1,APPLE MUSIC #5 (284 pts)
June 2026,51,19080,Whisper My Name,Drake,281,1,APPLE MUSIC #6 (281 pts)
June 2026,52,17348,Ngima Dhano,Prince Indah,279,1,BOOMPLAY #7 (279 pts)
June 2026,53,21655,telepatía,Kali Uchis,278,1,SHAZAM #4 (278 pts)
June 2026,54,21652,WUL UP,Armanii ft. Notnice,278,1,SHAZAM #5 (278 pts)
June 2026,55,17421,Abantwana Bakho,"DJ Maphorisa ft. Xduppy, Kabza De Small, Thatohatsi, Young Stunna & Nkosazana Daughter",274,1,APPLE MUSIC #9 (274 pts)
June 2026,56,17397,Happy,Diamond Platnumz,274,1,BOOMPLAY #9 (274 pts)
June 2026,57,18939,Uhakika,Ibraah,274,1,AUDIOMACK #8 (274 pts)
June 2026,58,19082,B’s On The Table,Drake ft. 21 Savage,272,1,APPLE MUSIC #11 (272 pts)
June 2026,59,19081,Plot Twist,Drake,272,1,APPLE MUSIC #10 (272 pts)
June 2026,60,17389,Bad Everyday,Toxic Lyrikali,267,1,AUDIOMACK #12 (267 pts)
June 2026,61,17346,Bonge La Surprise,Wapendwa Muziki,267,1,BOOMPLAY #11 (267 pts)
June 2026,62,21636,Nina Neno Moja Tu Asante,Tuzo Jerome Tz,264,1,YOUTUBE #11 (264 pts)
June 2026,63,17372,Nyi Luo,Prince Indah,263,1,BOOMPLAY #12 (263 pts)
June 2026,64,17478,Headlines,Drake,262,1,APPLE MUSIC #13 (262 pts)
June 2026,65,17315,Inama,Zuchu ft. Diamond Platnumz,262,1,YOUTUBE #13 (262 pts)
June 2026,66,18942,Robin Hood (Freestyle),OnlyMoh,262,1,AUDIOMACK #13 (262 pts)
June 2026,67,21654,Nisamehe,Diameter Pallet,260,1,SHAZAM #11 (260 pts)
June 2026,68,19308,Woii,Valiant ft. Di Genius,260,1,SHAZAM #12 (260 pts)
June 2026,69,17286,Wrong Places,Joshua Baraka ft. JAE5,260,2,APPLE MUSIC #49 (136 pts) | SPOTIFY #9 (124 pts)
June 2026,70,17425,WHY LOVE,Asake,256,1,APPLE MUSIC #14 (256 pts)
June 2026,71,17342,Digi Digi,Abongo Jakabwana,251,1,YOUTUBE #15 (251 pts)
June 2026,72,19083,National Treasures,Drake,250,1,APPLE MUSIC #16 (250 pts)
June 2026,73,17427,Dem Dey,Burna Boy,249,1,APPLE MUSIC #17 (249 pts)
June 2026,74,18943,Asake WYFL,OnlyMoh,248,1,AUDIOMACK #16 (248 pts)
June 2026,75,17765,GACUMBIRI / PALE KILELE(Live),Dr Sarah K,246,1,YOUTUBE #16 (246 pts)
June 2026,76,19300,I'm in Control,AlunaGeorge ft. Popcaan,242,1,SHAZAM #16 (242 pts)
June 2026,77,19319,Nakutaka,King Bubby,242,1,SHAZAM #15 (242 pts)
June 2026,78,17349,Mirima,Prince Indah,241,1,BOOMPLAY #19 (241 pts)
June 2026,79,19148,AYE,Zuchu ft. G NAKO,239,1,YOUTUBE #19 (239 pts)
June 2026,80,19085,Burning Bridges,Drake,238,1,APPLE MUSIC #20 (238 pts)
June 2026,81,17333,uValo,"JAZZWRLD ft. Babalwa M, Dlala Thukzin & Thukuthela",238,1,APPLE MUSIC #19 (238 pts)
June 2026,82,17668,Conjugal Visit,Vybz Kartel ft. Spice,236,1,BOOMPLAY #21 (236 pts)
June 2026,83,18976,iwo ni,Toprock Gospel,235,1,BOOMPLAY #22 (235 pts)
June 2026,84,18337,Nakupenda,"TxC ft. DAVIDO, Scotts Maphuma, Shoday, Al Xapo & Zlatan",235,1,APPLE MUSIC #21 (235 pts)
June 2026,85,17288,Bud Flowers,Toxic Lyrikali,233,1,BOOMPLAY #23 (233 pts)
June 2026,86,17450,Joro,Wizkid,233,1,APPLE MUSIC #22 (233 pts)
June 2026,87,17295,Arike,Kunmie,232,2,AUDIOMACK #30 (151 pts) | SPOTIFY #24 (81 pts)
June 2026,88,17335,Uzizwa Kanjan,"JAZZWRLD ft. GL_Ceejay, MaWhoo & Thukuthela",232,1,APPLE MUSIC #23 (232 pts)
June 2026,89,21639,Simba wa Yuda Ananguruma,Ruben Idy,231,1,YOUTUBE #21 (231 pts)
June 2026,90,17467,What Did I Miss?,Drake,231,1,APPLE MUSIC #24 (231 pts)
June 2026,91,17430,Controlla,Drake,221,1,APPLE MUSIC #26 (221 pts)
June 2026,92,21659,Sorry I'm Different,Miracle LRE,221,1,SHAZAM #17 (221 pts)
June 2026,93,18154,Believe Me,Prince Indah,217,1,BOOMPLAY #28 (217 pts)
June 2026,94,17677,In Heaven,Vybz Kartel,217,1,BOOMPLAY #29 (217 pts)
June 2026,95,17312,Bengicela,"MaWhoo ft. GL_Ceejay, Jazzworx & Thukuthela",214,1,APPLE MUSIC #27 (214 pts)
June 2026,96,17892,Shela,"Sam Deep ft. Nia Pearl, Boohle & Mano",213,1,APPLE MUSIC #28 (213 pts)
June 2026,97,17436,Money Trees,Kendrick Lamar ft. Jay Rock,212,1,APPLE MUSIC #29 (212 pts)
June 2026,98,19087,Dust,Drake,211,1,APPLE MUSIC #30 (211 pts)
June 2026,99,21638,Champions (WC 26),IShowSpeed,209,1,YOUTUBE #25 (209 pts)
June 2026,100,17337,Je ?,Devrix Da Fubu,209,1,YOUTUBE #26 (209 pts)
June 2026,101,17302,Jirani,Jay Melody,207,1,BOOMPLAY #30 (207 pts)
June 2026,102,17360,TOTO,Calad ft. Rayvanny,206,1,YOUTUBE #27 (206 pts)
June 2026,103,17296,TETE,Marioo,204,1,BOOMPLAY #32 (204 pts)
June 2026,104,21658,Pilé (Gospel),Mauvais Djo,203,1,SHAZAM #21 (203 pts)
June 2026,105,17341,Who’s Dat Girl,Ayra Starr ft. Rema,203,2,BOOMPLAY #40 (173 pts) | SPOTIFY #40 (30 pts)
June 2026,106,17297,Chinje,Toxic Lyrikali,201,1,BOOMPLAY #33 (201 pts)
June 2026,107,17338,Golden,"HUNTR/X ft. AUDREY NUNA, EJAE, KPop Demon Hunters Cast & REI AMI",201,1,YOUTUBE #29 (201 pts)
June 2026,108,17379,Jogodo,Wizkid ft. Asake,201,1,APPLE MUSIC #32 (201 pts)
June 2026,109,19084,Make Them Cry,Drake,201,1,APPLE MUSIC #31 (201 pts)
June 2026,110,18473,Marvins Room,Drake,200,1,APPLE MUSIC #33 (200 pts)
June 2026,111,17336,Tholukuthi (Clap Song),"JAZZWRLD ft. GL_Ceejay, MaWhoo & Thukuthela",200,1,APPLE MUSIC #34 (200 pts)
June 2026,112,17470,Ginger,Wizkid ft. Burna Boy,198,1,APPLE MUSIC #35 (198 pts)
June 2026,113,21681,DJ,Mbosso,196,1,AUDIOMACK #17 (196 pts)
June 2026,114,21640,Tumaini Letu,THE LIGHTBEARERS TZ,196,1,YOUTUBE #33 (196 pts)
June 2026,115,19086,Make Them Pay,Drake,192,1,APPLE MUSIC #36 (192 pts)
June 2026,116,17460,Change Your Mind,Burna Boy ft. Shaboozey,191,1,APPLE MUSIC #38 (191 pts)
June 2026,117,17442,On the Low,Burna Boy,191,1,APPLE MUSIC #37 (191 pts)
June 2026,118,17415,Wema,nk_njoroge,191,1,SHAZAM #24 (191 pts)
June 2026,119,17403,I Love You,Zuchu,190,1,BOOMPLAY #34 (190 pts)
June 2026,120,18357,Osiepe,Prince Indah,187,1,BOOMPLAY #35 (187 pts)
June 2026,121,18970,Bend Ova,Kman 6ixx ft. SamDan,186,1,SHAZAM #25 (186 pts)
June 2026,122,17311,Le Le Le,Aidonia,185,1,SHAZAM #26 (185 pts)
June 2026,123,21696,Don't tell your dreams,LOVIXX STOSLIV,182,1,SHAZAM #27 (182 pts)
June 2026,124,18408,Franco de mi amor,Madilu System,181,1,SHAZAM #30 (181 pts)
June 2026,125,17997,HATUA ZANGU,VICTOR MUTHENYA,181,1,YOUTUBE #37 (181 pts)
June 2026,126,17375,Darasa La Saba,Mbosso,177,1,BOOMPLAY #38 (177 pts)
June 2026,127,19325,How are you ?,Levelz UP,176,1,SHAZAM #31 (176 pts)
June 2026,128,18920,Human Nature,Michael Jackson,175,1,APPLE MUSIC #40 (175 pts)
June 2026,129,18074,Only Gets Better (Forever),Vybz Kartel,175,1,BOOMPLAY #39 (175 pts)
June 2026,130,19089,2 Hard 4 The Radio,Drake,174,1,APPLE MUSIC #42 (174 pts)
June 2026,131,19094,Don’t Worry,Drake,174,1,APPLE MUSIC #41 (174 pts)
June 2026,132,18158,Ngimana,Prince Indah,172,1,BOOMPLAY #41 (172 pts)
June 2026,133,17492,Wild Thoughts,DJ Khaled ft. Rihanna & Bryson Tiller,172,1,APPLE MUSIC #43 (172 pts)
June 2026,134,21618,Utanionea,Alikiba,170,1,AUDIOMACK #19 (170 pts)
June 2026,135,18814,Wakiuliza,Collo Blue ft. Fathermoh,169,1,YOUTUBE #43 (169 pts)
June 2026,136,17396,LET ME BE,The Second Voice,167,1,SHAZAM #32 (167 pts)
June 2026,137,17284,Nairobi,Marioo ft. Bien,167,2,BOOMPLAY #48 (146 pts) | SPOTIFY #44 (21 pts)
June 2026,138,21699,KWANTLE KWAA,Kabelo Tiro aka skavenja ft. SFEAR NOFOKOL & SFEAR N...,166,1,SHAZAM #33 (166 pts)
June 2026,139,19310,Slip & Slide,Masicka ft. Di Genius,164,1,SHAZAM #34 (164 pts)
June 2026,140,21682,Yanamwagika,Kusah ft. Jay Melody,164,1,AUDIOMACK #20 (164 pts)
June 2026,141,17448,Freestyle,Lil Baby,163,1,APPLE MUSIC #45 (163 pts)
June 2026,142,17660,Wine To The Top,Vybz Kartel ft. Wizkid,163,1,BOOMPLAY #43 (163 pts)
June 2026,143,17309,Hood,Toxic Lyrikali,162,1,BOOMPLAY #44 (162 pts)
June 2026,144,19152,Venus,Faceless,160,1,AUDIOMACK #23 (160 pts)
June 2026,145,19024,You & Me,Solpulse,160,1,SHAZAM #36 (160 pts)
June 2026,146,19154,Crazy Love,Wendy Shay ft. Olivetheboy,158,1,AUDIOMACK #25 (158 pts)
June 2026,147,17948,Sanity,Bella Shmurda,156,1,AUDIOMACK #26 (156 pts)
June 2026,148,18914,Gone Kanje,"Scotts Maphuma ft. Slyzza Rsa, Mellow & Sleaz...",154,1,SHAZAM #38 (154 pts)
June 2026,149,17593,My Lady,Nahj,154,1,AUDIOMACK #27 (154 pts)
June 2026,150,19156,See What We've Done,King Promise ft. Mr Eazi,152,1,AUDIOMACK #28 (152 pts)
June 2026,151,21663,The Season,I-Octane,152,1,SHAZAM #39 (152 pts)
June 2026,152,21621,Hate That I Love You,Nandy,151,1,AUDIOMACK #29 (151 pts)
June 2026,153,21622,Feeling,FOLA,150,1,AUDIOMACK #31 (150 pts)
June 2026,154,17438,HIGHEST IN THE ROOM,Travis Scott,149,1,APPLE MUSIC #46 (149 pts)
June 2026,155,19159,Lameda,SAMAD,148,1,AUDIOMACK #32 (148 pts)
June 2026,156,17339,Nani,Diamond Platnumz,147,1,BOOMPLAY #47 (147 pts)
June 2026,157,21668,Spend Dat,Yung Miami,147,1,SHAZAM #41 (147 pts)
June 2026,158,21607,UNAVAILABLE,DAVIDO ft. Musa Keys,145,1,APPLE MUSIC #47 (145 pts)
June 2026,159,17920,Amanda Remix,Zuchu,144,1,AUDIOMACK #33 (144 pts)
June 2026,160,17300,Furaha,Harmonize,144,1,BOOMPLAY #50 (144 pts)
June 2026,161,19286,Love Is Wicked,Brick ft. Lace,144,1,SHAZAM #42 (144 pts)
June 2026,162,19056,VALHALLA CALLING,Ragal Ironbull,144,1,SHAZAM #43 (144 pts)
June 2026,163,18740,Lengoma,MSA ft. sami kay & Misokuhle,142,1,SHAZAM #44 (142 pts)
June 2026,164,19161,Oh No,Oberz ft. FOLA,142,1,AUDIOMACK #34 (142 pts)
June 2026,165,18722,Bruk It Dung 2,Rudra Kartel ft. Kingpheezle,141,1,YOUTUBE #46 (141 pts)
June 2026,166,17447,WAIT FOR U,Future ft. Drake & Tems,141,1,APPLE MUSIC #48 (141 pts)
June 2026,167,19162,Habit,Fameye,140,1,AUDIOMACK #35 (140 pts)
June 2026,168,18820,Talk To Me Nuh,Shenseea ft. Vybz Kartel & Rvssian,139,1,YOUTUBE #47 (139 pts)
June 2026,169,19304,Black Tax,JustBasweti,138,1,SHAZAM #46 (138 pts)
June 2026,170,17565,Gymnastic,KiDi ft. Olivetheboy & KOJO BLAK,138,1,AUDIOMACK #36 (138 pts)
June 2026,171,21633,Niwache,Nikita Kering',137,1,SPOTIFY #6 (137 pts)
June 2026,172,21653,DNA (More Than A Game),"Andrea Bocelli ft. David Guetta, EJAE & Megan Thee Stallion",136,1,SHAZAM #47 (136 pts)
June 2026,173,19165,Dying Minute,Stahgee ft. Feladehusla & Aguero Banks,136,1,AUDIOMACK #37 (136 pts)
June 2026,174,17624,Cash Flow,Young Jonn,134,1,AUDIOMACK #38 (134 pts)
June 2026,175,17454,Charm,Rema,134,1,APPLE MUSIC #50 (134 pts)
June 2026,176,21644,Kamanda Wa Vita,Heavenly Echoes Ministers,133,1,YOUTUBE #48 (133 pts)
June 2026,177,17304,With You,Davido ft. Omah Lay,132,1,AUDIOMACK #39 (132 pts)
June 2026,178,18073,SPIRIT,Vicoka,130,1,AUDIOMACK #40 (130 pts)
June 2026,179,19170,Instagram,Muyeez ft. Seyi Vibez,128,1,AUDIOMACK #41 (128 pts)
June 2026,180,18040,M.O.T.O,X.O ft. SUNS3T,128,1,SPOTIFY #8 (128 pts)
June 2026,181,17401,Dance for me,Kusslove ft. Rayvanny,126,1,YOUTUBE #50 (126 pts)
June 2026,182,19172,Olivia,Lasmid,126,1,AUDIOMACK #42 (126 pts)
June 2026,183,19173,MY GOD,BBO,124,1,AUDIOMACK #43 (124 pts)
June 2026,184,19174,Shakabulizzy,Mavo,122,1,AUDIOMACK #44 (122 pts)
June 2026,185,19175,Cartoon,Naira Marley,120,1,AUDIOMACK #45 (120 pts)
June 2026,186,17354,Beta,Mutoriah,118,1,SPOTIFY #11 (118 pts)
June 2026,187,19177,Okwu (Remix),Rord Kelly ft. Chella,118,1,AUDIOMACK #46 (118 pts)
June 2026,188,19179,Constantly,Hyce ft. BoyPee & Brown Joel,116,1,AUDIOMACK #47 (116 pts)
June 2026,189,19180,Zagga Dat,Black Coco ft. Zagga,114,1,AUDIOMACK #48 (114 pts)
June 2026,190,19181,Rebel Music,Black Sherif,112,1,AUDIOMACK #50 (112 pts)
June 2026,191,18960,Mimi Na Wewe,Bridget Blue ft. Nikita Kering',106,1,SPOTIFY #15 (106 pts)
June 2026,192,17344,Baddies Need Love,Maandy,101,1,SPOTIFY #17 (101 pts)
June 2026,193,17417,SHE DID IT AGAIN,Tyla,96,1,SPOTIFY #20 (96 pts)
June 2026,194,17416,Feel The Love,Kahuti ft. Kinoti,89,1,SPOTIFY #22 (89 pts)
June 2026,195,21634,WAWILI,Nahsh kariuki Official,86,1,SPOTIFY #23 (86 pts)
June 2026,196,18442,Wewe ni wangu,2wentysixx,78,1,SPOTIFY #25 (78 pts)
June 2026,197,18802,Lavender,Watendawili ft. Hornsphere,75,1,SPOTIFY #26 (75 pts)
June 2026,198,17376,Trust No 1,Brandy Maina,69,1,SPOTIFY #28 (69 pts)
June 2026,199,17520,Dnd,We are Nubia ft. Zaituni Wambui,66,1,SPOTIFY #29 (66 pts)
June 2026,200,17358,Shake That Thing,MAD G & Mad G Odeya,63,1,SPOTIFY #30 (63 pts)
June 2026,201,17388,GENJE SANA,BURUKLYN BOYZ,57,1,SPOTIFY #32 (57 pts)
June 2026,202,18606,Two Six,J. Cole,54,1,SPOTIFY #33 (54 pts)
June 2026,203,17334,Fresh,Nyashinski,48,1,SPOTIFY #35 (48 pts)
June 2026,204,17382,Stima,BURUKLYN BOYZ,45,1,SPOTIFY #36 (45 pts)
June 2026,205,17365,What You Saying,Lil Uzi Vert,42,1,SPOTIFY #37 (42 pts)
June 2026,206,17465,Aki Sioni,Njerae,39,1,SPOTIFY #38 (39 pts)
June 2026,207,17579,Hadi Kesho,Watendawili,33,1,SPOTIFY #39 (33 pts)
June 2026,208,19271,Majo,Jux,27,1,SPOTIFY #41 (27 pts)
June 2026,209,21684,SINA NOMA,THE MOTIONS,24,1,SPOTIFY #42 (24 pts)
June 2026,210,18328,ZEP,"DJ Smallz ft. ZinedinexSguche, 031choppa & Uncool MC",24,1,SPOTIFY #43 (24 pts)
June 2026,211,17347,Rumours,Dufla ft. Iyanii,18,1,SPOTIFY #45 (18 pts)
June 2026,212,17521,Laho,Shallipopi,12,1,SPOTIFY #48 (12 pts)
June 2026,213,17573,SINA NOMA,Charisma,12,1,SPOTIFY #47 (12 pts)
June 2026,214,17628,Kautamu Flani,Bensoul ft. V-BE,10,1,SPOTIFY #49 (10 pts)
June 2026,215,17291,All My Enemies Are Suffering,Bien,7,1,SPOTIFY #50 (7 pts)
